/*
SQLyog Ultimate v11.33 (64 bit)
MySQL - 5.6.19 : Database - sgc
*********************************************************************
*/

/*!40101 SET NAMES utf8 */;

/*!40101 SET SQL_MODE=''*/;

/*!40014 SET @OLD_UNIQUE_CHECKS=@@UNIQUE_CHECKS, UNIQUE_CHECKS=0 */;
/*!40014 SET @OLD_FOREIGN_KEY_CHECKS=@@FOREIGN_KEY_CHECKS, FOREIGN_KEY_CHECKS=0 */;
/*!40101 SET @OLD_SQL_MODE=@@SQL_MODE, SQL_MODE='NO_AUTO_VALUE_ON_ZERO' */;
/*!40111 SET @OLD_SQL_NOTES=@@SQL_NOTES, SQL_NOTES=0 */;
CREATE DATABASE /*!32312 IF NOT EXISTS*/`sgc` /*!40100 DEFAULT CHARACTER SET utf8 */;

USE `sgc`;

/*Table structure for table `area` */

DROP TABLE IF EXISTS `area`;

CREATE TABLE `area` (
  `pk` bigint(20) NOT NULL AUTO_INCREMENT,
  `name` varchar(50) DEFAULT NULL,
  PRIMARY KEY (`pk`)
) ENGINE=InnoDB AUTO_INCREMENT=45 DEFAULT CHARSET=utf8;

/*Data for the table `area` */

LOCK TABLES `area` WRITE;

insert  into `area`(`pk`,`name`) values (3,'หมู่ 1 คลองห้า'),(4,'หมู่ 2 คลองห้า'),(5,'หมู่ 3 คลองห้า'),(6,'หมู่ 4 คลองห้า'),(7,'หมู่ 5 คลองห้า'),(8,'หมู่ 6 คลองห้า'),(9,'หมู่ 7 คลองห้า'),(10,'หมู่ 8 คลองห้า'),(11,'หมู่ 9 คลองห้า'),(12,'หมู่ 10 คลองห้า'),(13,'หมู่ 11 คลองห้า'),(14,'หมู่ 12 คลองห้า'),(15,'หมู่ 13 คลองห้า'),(16,'หมู่ 14 คลองห้า'),(17,'หมู่ 15 คลองห้า'),(18,'หมู่ 16 คลองห้า'),(19,'หมู่ 1 คลองหก'),(20,'หมู่ 2 คลองหก'),(22,'หมู่ 3 คลองหก'),(23,'หมู่ 4 คลองหก'),(24,'หมู่ 5 คลองหก'),(25,'หมู่ 6 คลองหก'),(26,'หมู่ 7 คลองหก'),(27,'หมู่ 8 คลองหก'),(28,'หมู่ 9 คลองหก'),(29,'หมู่ 10 คลองหก'),(30,'หมู่ 11 คลองหก'),(31,'หมู่ 12 คลองหก'),(32,'หมู่ 13 คลองหก'),(33,'หมู่ 14 คลองหก'),(36,'หมู่ 1 คลองเจ็ด'),(37,'หมู่ 2 คลองเจ็ด'),(38,'หมู่ 3 คลองเจ็ด'),(39,'หมู่ 4 คลองเจ็ด'),(40,'หมู่ 5 คลองเจ็ด'),(41,'หมู่ 6 คลองเจ้ด'),(42,'หมู่ 7 คลองเจ็ด'),(43,'หมู่ 8 คลองเจ็ด'),(44,'หมู่ 9 คลองเจ้ด');

UNLOCK TABLES;

/*Table structure for table `check_point` */

DROP TABLE IF EXISTS `check_point`;

CREATE TABLE `check_point` (
  `pk` bigint(20) NOT NULL AUTO_INCREMENT,
  `name` varchar(50) DEFAULT NULL,
  PRIMARY KEY (`pk`)
) ENGINE=InnoDB AUTO_INCREMENT=4 DEFAULT CHARSET=utf8;

/*Data for the table `check_point` */

LOCK TABLES `check_point` WRITE;

insert  into `check_point`(`pk`,`name`) values (1,'หอพักโอนิน 5 ซ. มาลี'),(2,'ซ. โฟบี หอพักโอนิน 8'),(3,'ซ. ซุม หอซูม');

UNLOCK TABLES;

/*Table structure for table `crime` */

DROP TABLE IF EXISTS `crime`;

CREATE TABLE `crime` (
  `pk` bigint(20) NOT NULL AUTO_INCREMENT,
  `crime_id` varchar(15) DEFAULT NULL,
  `crime_date` date DEFAULT NULL,
  `crime_lat` double DEFAULT NULL,
  `crime_lng` double DEFAULT NULL,
  `crime_detail` varchar(1023) DEFAULT NULL,
  `crime_level` tinyint(4) DEFAULT NULL,
  `area_pk` bigint(20) DEFAULT NULL COMMENT ' ',
  `type_pk` bigint(20) DEFAULT NULL,
  `place_pk` bigint(20) DEFAULT NULL,
  `time_pk` int(11) DEFAULT NULL,
  `person` varchar(125) DEFAULT NULL,
  `create_date` timestamp NOT NULL DEFAULT CURRENT_TIMESTAMP ON UPDATE CURRENT_TIMESTAMP,
  `update_date` timestamp NOT NULL DEFAULT CURRENT_TIMESTAMP,
  `create_by_user_pk` bigint(20) DEFAULT NULL,
  `update_by_user_pk` bigint(20) DEFAULT NULL,
  `check_point_pk` bigint(20) DEFAULT NULL,
  PRIMARY KEY (`pk`),
  KEY `fk_CRIME_CRIME_AREA1_idx` (`area_pk`),
  KEY `fk_CRIME_CRIME_TYPE1_idx` (`type_pk`),
  KEY `fk_CRIME_CRIME_PLACE1_idx` (`place_pk`),
  KEY `fk_CRIME_TIME1_idx` (`time_pk`),
  KEY `fk_CRIME_PERSON1_idx` (`person`),
  KEY `fk_CRIME_USER1_idx` (`create_by_user_pk`),
  KEY `fk_CRIME_USER2_idx` (`update_by_user_pk`),
  KEY `fk_CRIME_CHECK_POINT1_idx` (`check_point_pk`),
  CONSTRAINT `fk_CRIME_CHECK_POINT1` FOREIGN KEY (`check_point_pk`) REFERENCES `check_point` (`pk`) ON DELETE NO ACTION ON UPDATE NO ACTION,
  CONSTRAINT `fk_CRIME_CRIME_AREA1` FOREIGN KEY (`area_pk`) REFERENCES `area` (`pk`) ON DELETE NO ACTION ON UPDATE NO ACTION,
  CONSTRAINT `fk_CRIME_CRIME_PLACE1` FOREIGN KEY (`place_pk`) REFERENCES `place` (`pk`) ON DELETE NO ACTION ON UPDATE NO ACTION,
  CONSTRAINT `fk_CRIME_CRIME_TYPE1` FOREIGN KEY (`type_pk`) REFERENCES `type` (`pk`) ON DELETE NO ACTION ON UPDATE NO ACTION,
  CONSTRAINT `fk_CRIME_TIME` FOREIGN KEY (`time_pk`) REFERENCES `time` (`pk`) ON DELETE NO ACTION ON UPDATE NO ACTION,
  CONSTRAINT `fk_CRIME_USER1` FOREIGN KEY (`create_by_user_pk`) REFERENCES `user` (`pk`) ON DELETE NO ACTION ON UPDATE NO ACTION,
  CONSTRAINT `fk_CRIME_USER2` FOREIGN KEY (`update_by_user_pk`) REFERENCES `user` (`pk`) ON DELETE NO ACTION ON UPDATE NO ACTION
) ENGINE=InnoDB AUTO_INCREMENT=996 DEFAULT CHARSET=utf8;

/*Data for the table `crime` */

LOCK TABLES `crime` WRITE;

insert  into `crime`(`pk`,`crime_id`,`crime_date`,`crime_lat`,`crime_lng`,`crime_detail`,`crime_level`,`area_pk`,`type_pk`,`place_pk`,`time_pk`,`person`,`create_date`,`update_date`,`create_by_user_pk`,`update_by_user_pk`,`check_point_pk`) values (1,NULL,'2011-02-07',14.673982774641859,100.79409208218118,NULL,NULL,7,32,9,6,NULL,'2014-10-18 17:14:40','2014-10-18 19:02:20',NULL,NULL,0),(3,NULL,'2013-01-17',14.033751453991268,100.52534739935851,'',0,16,27,2,2,NULL,'2014-10-18 17:14:40','2014-10-18 19:02:20',NULL,NULL,0),(4,NULL,'2011-11-03',14.423580872118833,100.19652413240551,NULL,1,9,93,11,5,NULL,'2014-11-02 18:17:00','2014-10-18 19:02:20',NULL,NULL,0),(5,NULL,'2011-10-26',14.030460215161487,100.51577927196442,NULL,NULL,42,86,8,9,NULL,'2014-10-18 17:14:40','2014-10-18 19:02:20',NULL,NULL,0),(7,NULL,'2013-01-22',14.707216639574245,100.59508881571746,NULL,NULL,18,93,4,4,NULL,'2014-10-18 17:14:40','2014-10-18 19:02:20',NULL,NULL,0),(8,NULL,'2012-09-22',14.241796785263153,100.40598001295307,NULL,NULL,19,93,10,3,NULL,'2014-10-18 17:14:40','2014-10-18 19:02:20',NULL,NULL,0),(9,NULL,'2010-06-14',14.763427019592548,100.44756138607278,NULL,NULL,17,83,4,3,NULL,'2014-10-18 17:14:40','2014-10-18 19:02:20',NULL,NULL,0),(10,NULL,'2012-04-17',14.006500964950936,100.48359965807074,NULL,NULL,12,83,9,4,NULL,'2014-10-18 17:14:40','2014-10-18 19:02:20',NULL,NULL,0),(11,NULL,'2011-08-03',14.003636895689707,100.04037791868993,NULL,NULL,12,32,1,7,NULL,'2014-10-18 17:14:40','2014-10-18 19:02:20',NULL,NULL,0),(12,NULL,'2010-05-14',14.347295920627117,100.1921275599464,NULL,NULL,4,85,1,4,NULL,'2014-10-18 17:14:40','2014-10-18 19:02:20',NULL,NULL,0),(13,NULL,'2010-09-13',14.49632513479269,100.83739126702623,NULL,NULL,29,86,6,7,NULL,'2014-10-18 17:14:40','2014-10-18 19:02:20',NULL,NULL,0),(14,NULL,'2011-10-21',14.880408021512615,100.22502273823437,NULL,NULL,18,93,2,8,NULL,'2014-10-18 17:14:40','2014-10-18 19:02:20',NULL,NULL,0),(15,NULL,'2010-12-20',14.592375321549051,100.37103290379679,NULL,NULL,20,88,8,1,NULL,'2014-10-18 17:14:40','2014-10-18 19:02:20',NULL,NULL,0),(16,NULL,'2010-09-05',14.829184947495074,100.94208314145394,NULL,NULL,29,89,2,4,NULL,'2014-10-18 17:14:40','2014-10-18 19:02:20',NULL,NULL,0),(17,NULL,'2011-04-30',14.256273682282364,100.2214909082854,NULL,NULL,31,90,14,8,NULL,'2014-10-18 17:14:40','2014-10-18 19:02:20',NULL,NULL,0),(18,NULL,'2013-01-17',14.354242441569664,100.10063417709331,NULL,NULL,37,90,5,1,NULL,'2014-10-18 17:14:40','2014-10-18 19:02:20',NULL,NULL,0),(19,NULL,'2010-06-27',14.824367308936411,100.10595446901661,NULL,NULL,36,91,4,8,NULL,'2014-10-18 17:14:40','2014-10-18 19:02:20',NULL,NULL,0),(20,NULL,'2012-02-16',14.426490520737564,100.76780434662955,NULL,NULL,32,93,5,3,NULL,'2014-10-18 17:14:40','2014-10-18 19:02:20',NULL,NULL,0),(21,NULL,'2012-03-09',14.794082316505644,100.28873361729482,NULL,NULL,10,80,14,4,NULL,'2014-10-18 17:14:40','2014-10-18 19:02:20',NULL,NULL,0),(22,NULL,'2013-01-14',14.08631564335778,100.47920903954581,NULL,NULL,13,92,11,5,NULL,'2014-10-18 17:14:40','2014-10-18 19:02:20',NULL,NULL,0),(23,NULL,'2010-08-09',14.112015736721881,100.31020834541981,NULL,NULL,19,87,12,2,NULL,'2014-10-18 17:14:40','2014-10-18 19:02:20',NULL,NULL,0),(25,NULL,'2012-10-03',14.769831999363047,100.6414583420421,NULL,NULL,36,93,14,4,NULL,'2014-10-18 17:14:40','2014-10-18 19:02:20',NULL,NULL,0),(26,NULL,'2012-08-10',14.033174869314818,100.69601143982028,NULL,NULL,18,91,5,2,NULL,'2014-10-18 17:14:40','2014-10-18 19:02:20',NULL,NULL,0),(27,NULL,'2010-05-16',14.961731660684535,100.69391107561786,NULL,NULL,42,81,4,1,NULL,'2014-10-18 17:14:40','2014-10-18 19:02:20',NULL,NULL,0),(28,NULL,'2012-01-07',14.153159097956713,100.88101357329215,NULL,NULL,17,80,5,9,NULL,'2014-10-18 17:14:40','2014-10-18 19:02:20',NULL,NULL,0),(29,NULL,'2013-01-31',14.620700235123234,100.32027831842932,NULL,NULL,37,32,12,6,NULL,'2014-10-18 17:14:40','2014-10-18 19:02:20',NULL,NULL,0),(30,NULL,'2013-01-14',14.645090984485867,100.52945315866098,NULL,NULL,26,86,13,2,NULL,'2014-10-18 17:14:40','2014-10-18 19:02:20',NULL,NULL,0),(31,NULL,'2010-06-17',14.758997766798037,100.22116697469271,NULL,NULL,29,80,3,2,NULL,'2014-10-18 17:14:40','2014-10-18 19:02:20',NULL,NULL,0),(32,NULL,'2010-04-09',14.549625944702415,100.2767066497682,NULL,NULL,40,85,6,4,NULL,'2014-10-18 17:14:40','2014-10-18 19:02:20',NULL,NULL,0),(33,NULL,'2012-11-14',14.648779510607756,100.73662129888491,NULL,NULL,43,87,11,5,NULL,'2014-10-18 17:14:40','2014-10-18 19:02:20',NULL,NULL,0),(34,NULL,'2011-10-19',14.709550235440245,100.9835736579808,NULL,NULL,37,84,6,1,NULL,'2014-10-18 17:14:40','2014-10-18 19:02:20',NULL,NULL,0),(35,NULL,'2012-11-23',14.856115625407387,100.71116856255297,NULL,NULL,14,84,9,9,NULL,'2014-10-18 17:14:40','2014-10-18 19:02:20',NULL,NULL,0),(36,NULL,'2011-06-02',14.265481829804116,100.62179546456697,NULL,NULL,4,89,12,1,NULL,'2014-10-18 17:14:40','2014-10-18 19:02:20',NULL,NULL,0),(37,NULL,'2010-07-12',14.766588707117581,100.43730207319715,NULL,NULL,12,84,10,5,NULL,'2014-10-18 17:14:40','2014-10-18 19:02:20',NULL,NULL,0),(38,NULL,'2010-12-18',14.833412455255376,100.245980010779,NULL,NULL,23,84,9,3,NULL,'2014-10-18 17:14:40','2014-10-18 19:02:20',NULL,NULL,0),(39,NULL,'2013-01-22',14.993549710651088,100.22329048949601,NULL,NULL,37,92,12,6,NULL,'2014-10-18 17:14:40','2014-10-18 19:02:20',NULL,NULL,0),(41,NULL,'2010-08-10',14.172358517436175,100.41464985921024,NULL,NULL,9,88,13,8,NULL,'2014-10-18 17:14:40','2014-10-18 19:02:20',NULL,NULL,0),(42,NULL,'2010-04-04',14.395898821552533,100.38316846623457,NULL,NULL,38,85,4,7,NULL,'2014-10-18 17:14:40','2014-10-18 19:02:20',NULL,NULL,0),(43,NULL,'2011-12-19',14.739645537613317,100.89640636176937,NULL,NULL,15,87,4,2,NULL,'2014-10-18 17:14:40','2014-10-18 19:02:20',NULL,NULL,0),(45,NULL,'2011-12-24',14.359175444136051,100.2214504383025,NULL,NULL,25,80,6,7,NULL,'2014-10-18 17:14:40','2014-10-18 19:02:20',NULL,NULL,0),(46,NULL,'2012-08-24',14.581596309721858,100.00815310938269,NULL,NULL,41,32,4,6,NULL,'2014-10-18 17:14:40','2014-10-18 19:02:20',NULL,NULL,0),(47,NULL,'2012-01-18',14.457871682428255,100.14049042183079,NULL,NULL,4,81,4,4,NULL,'2014-10-18 17:14:40','2014-10-18 19:02:20',NULL,NULL,0),(48,NULL,'2010-11-28',14.490174074273973,100.55894999175997,NULL,NULL,32,83,6,9,NULL,'2014-10-18 17:14:40','2014-10-18 19:02:20',NULL,NULL,0),(49,NULL,'2010-12-05',14.631637597395036,100.00289139062295,NULL,NULL,6,92,4,7,NULL,'2014-10-18 17:14:40','2014-10-18 19:02:20',NULL,NULL,0),(50,NULL,'2012-02-09',14.612011785541865,100.93801042538942,NULL,NULL,24,80,12,3,NULL,'2014-10-18 17:14:40','2014-10-18 19:02:20',NULL,NULL,0),(51,NULL,'2011-11-26',14.710346036860026,100.44515693751057,NULL,NULL,42,92,5,9,NULL,'2014-10-18 17:14:40','2014-10-18 19:02:20',NULL,NULL,0),(52,NULL,'2012-08-14',14.195435462579784,100.5510937617233,NULL,NULL,9,87,8,4,NULL,'2014-10-18 17:14:40','2014-10-18 19:02:20',NULL,NULL,0),(53,NULL,'2012-05-02',14.43240336579796,100.85008238250607,NULL,NULL,28,88,8,8,NULL,'2014-10-18 17:14:40','2014-10-18 19:02:20',NULL,NULL,0),(54,NULL,'2010-05-31',14.154289325910716,100.02852843858619,NULL,NULL,18,91,14,5,NULL,'2014-10-18 17:14:40','2014-10-18 19:02:20',NULL,NULL,0),(55,NULL,'2011-03-20',14.943966140880214,100.5993621319002,NULL,NULL,26,91,1,7,NULL,'2014-10-18 17:14:40','2014-10-18 19:02:20',NULL,NULL,0),(56,NULL,'2011-02-28',14.934922244557722,100.87158417334359,NULL,NULL,30,81,5,7,NULL,'2014-10-18 17:14:40','2014-10-18 19:02:20',NULL,NULL,0),(57,NULL,'2012-02-14',14.053075568192215,100.17918318809308,NULL,NULL,38,93,4,2,NULL,'2014-10-18 17:14:40','2014-10-18 19:02:20',NULL,NULL,0),(58,NULL,'2010-10-16',14.572928710737353,100.92219542000332,NULL,NULL,38,82,12,3,NULL,'2014-10-18 17:14:40','2014-10-18 19:02:20',NULL,NULL,0),(59,NULL,'2011-10-27',14.861736888541275,100.15328814265243,NULL,NULL,12,82,1,1,NULL,'2014-10-18 17:14:40','2014-10-18 19:02:20',NULL,NULL,0),(60,NULL,'2010-04-03',14.533206783907943,100.7330189128894,NULL,NULL,4,88,9,6,NULL,'2014-10-18 17:14:40','2014-10-18 19:02:20',NULL,NULL,0),(61,NULL,'2012-10-05',14.787920594970268,100.79787054304069,NULL,NULL,39,92,9,9,NULL,'2014-10-18 17:14:40','2014-10-18 19:02:20',NULL,NULL,0),(62,NULL,'2012-04-03',14.15346682652962,100.92259906596377,NULL,NULL,13,92,6,4,NULL,'2014-10-18 17:14:40','2014-10-18 19:02:20',NULL,NULL,0),(63,NULL,'2011-08-15',14.185800697514694,100.23105673387238,NULL,NULL,42,85,7,1,NULL,'2014-10-18 17:14:40','2014-10-18 19:02:20',NULL,NULL,0),(64,NULL,'2011-05-19',14.202961426661044,100.56043295914023,NULL,NULL,31,89,6,5,NULL,'2014-10-18 17:14:40','2014-10-18 19:02:20',NULL,NULL,0),(65,NULL,'2012-03-02',14.263217096861537,100.41085741825987,NULL,NULL,36,92,14,7,NULL,'2014-10-18 17:14:40','2014-10-18 19:02:20',NULL,NULL,0),(66,NULL,'2011-05-24',14.088339872201542,100.37573200563381,NULL,NULL,16,80,8,3,NULL,'2014-10-18 17:14:40','2014-10-18 19:02:20',NULL,NULL,0),(67,NULL,'2012-01-11',14.816784877658156,100.6040931929971,NULL,NULL,20,82,7,6,NULL,'2014-10-18 17:14:40','2014-10-18 19:02:20',NULL,NULL,0),(68,NULL,'2010-10-08',14.925419018303057,100.02327601890072,NULL,NULL,44,83,9,7,NULL,'2014-10-18 17:14:40','2014-10-18 19:02:20',NULL,NULL,0),(69,NULL,'2010-11-17',14.846878047051508,100.47517764473355,NULL,NULL,22,88,14,4,NULL,'2014-10-18 17:14:40','2014-10-18 19:02:20',NULL,NULL,0),(70,NULL,'2013-01-19',14.295005519515081,100.29170639900907,NULL,NULL,40,92,14,3,NULL,'2014-10-18 17:14:40','2014-10-18 19:02:20',NULL,NULL,0),(71,NULL,'2010-03-10',14.78536814550129,100.48532666025358,NULL,NULL,40,86,7,9,NULL,'2014-10-18 17:14:40','2014-10-18 19:02:20',NULL,NULL,0),(72,NULL,'2010-04-11',14.355755049278144,100.64082175635535,NULL,NULL,40,87,6,9,NULL,'2014-10-18 17:14:40','2014-10-18 19:02:20',NULL,NULL,0),(73,NULL,'2010-07-30',14.005717487789216,100.64631148321654,NULL,NULL,20,86,4,2,NULL,'2014-10-18 17:14:40','2014-10-18 19:02:20',NULL,NULL,0),(74,NULL,'2011-02-22',14.36005675806383,100.52131061515605,NULL,NULL,3,87,7,8,NULL,'2014-10-18 17:14:40','2014-10-18 19:02:20',NULL,NULL,0),(75,NULL,'2010-04-07',14.339350246384152,100.94553609427787,NULL,NULL,17,89,13,3,NULL,'2014-10-18 17:14:40','2014-10-18 19:02:20',NULL,NULL,0),(76,NULL,'2011-03-04',14.211266854458714,100.47237119060254,NULL,NULL,24,88,7,3,NULL,'2014-10-18 17:14:40','2014-10-18 19:02:20',NULL,NULL,0),(77,NULL,'2010-09-26',14.263831821217638,100.17063917522069,NULL,NULL,14,92,5,1,NULL,'2014-10-18 17:14:40','2014-10-18 19:02:20',NULL,NULL,0),(78,NULL,'2011-02-23',14.268302682368924,100.75739800879023,NULL,NULL,7,84,8,3,NULL,'2014-10-18 17:14:40','2014-10-18 19:02:20',NULL,NULL,0),(79,NULL,'2012-09-30',14.935539310020172,100.62524096894474,NULL,NULL,15,90,12,7,NULL,'2014-10-18 17:14:40','2014-10-18 19:02:20',NULL,NULL,0),(80,NULL,'2012-12-26',14.993984297980274,100.93490730895917,NULL,NULL,39,84,7,9,NULL,'2014-10-18 17:14:40','2014-10-18 19:02:20',NULL,NULL,0),(82,NULL,'2011-09-18',14.282745632593302,100.05271382300111,NULL,NULL,6,32,13,5,NULL,'2014-10-18 17:14:40','2014-10-18 19:02:20',NULL,NULL,0),(83,NULL,'2011-09-13',14.206979618780563,100.7050671126579,NULL,NULL,41,89,6,1,NULL,'2014-10-18 17:14:40','2014-10-18 19:02:20',NULL,NULL,0),(84,NULL,'2012-09-12',14.082709712484505,100.77678788851752,NULL,NULL,5,81,10,6,NULL,'2014-10-18 17:14:40','2014-10-18 19:02:20',NULL,NULL,0),(85,NULL,'2012-09-26',14.934523674761165,100.83720156597008,NULL,NULL,32,85,9,7,NULL,'2014-10-18 17:14:40','2014-10-18 19:02:20',NULL,NULL,0),(86,NULL,'2010-08-19',14.942987343426969,100.9399809959822,NULL,NULL,20,92,11,5,NULL,'2014-10-18 17:14:40','2014-10-18 19:02:20',NULL,NULL,0),(87,NULL,'2011-08-08',14.609304501822072,100.28849035818736,NULL,NULL,36,83,11,9,NULL,'2014-10-18 17:14:40','2014-10-18 19:02:20',NULL,NULL,0),(88,NULL,'2012-09-05',14.736963846200801,100.3323812172893,NULL,NULL,8,84,9,7,NULL,'2014-10-18 17:14:40','2014-10-18 19:02:20',NULL,NULL,0),(89,NULL,'2011-03-03',14.796352835144274,100.47486633836321,NULL,NULL,19,83,14,8,NULL,'2014-10-18 17:14:40','2014-10-18 19:02:20',NULL,NULL,0),(90,NULL,'2010-05-22',14.189724477749799,100.24061391306354,NULL,NULL,5,80,7,8,NULL,'2014-10-18 17:14:40','2014-10-18 19:02:20',NULL,NULL,0),(91,NULL,'2010-09-28',14.590789160782647,100.88909909833353,NULL,NULL,20,86,12,1,NULL,'2014-10-18 17:14:40','2014-10-18 19:02:20',NULL,NULL,0),(92,NULL,'2013-01-06',14.93196790695164,100.91487966282612,NULL,NULL,30,89,3,1,NULL,'2014-10-18 17:14:40','2014-10-18 19:02:20',NULL,NULL,0),(93,NULL,'2011-04-13',14.61821083710305,100.9043982018627,NULL,NULL,37,89,10,2,NULL,'2014-10-18 17:14:40','2014-10-18 19:02:20',NULL,NULL,0),(94,NULL,'2010-08-18',14.572588617513311,100.31461632680625,NULL,NULL,23,90,14,3,NULL,'2014-10-18 17:14:40','2014-10-18 19:02:20',NULL,NULL,0),(95,NULL,'2011-08-31',14.792283907856401,100.78750072603894,NULL,NULL,27,84,7,9,NULL,'2014-10-18 17:14:40','2014-10-18 19:02:20',NULL,NULL,0),(96,NULL,'2012-03-28',14.302258338461927,100.8564187391631,NULL,NULL,19,93,14,8,NULL,'2014-10-18 17:14:40','2014-10-18 19:02:20',NULL,NULL,0),(97,NULL,'2011-08-09',14.42565577782495,100.398963282695,NULL,NULL,15,92,2,3,NULL,'2014-10-18 17:14:40','2014-10-18 19:02:20',NULL,NULL,0),(98,NULL,'2010-09-04',14.499565357735756,100.04865244527602,NULL,NULL,28,83,14,3,NULL,'2014-10-18 17:14:40','2014-10-18 19:02:20',NULL,NULL,0),(100,NULL,'2013-01-20',14.948021588080268,100.40069836360003,NULL,NULL,25,27,3,8,NULL,'2014-10-18 17:14:40','2014-10-18 19:02:20',NULL,NULL,0),(101,NULL,'2012-02-27',14.991403161684323,100.63346500426434,NULL,NULL,8,87,12,1,NULL,'2014-10-18 17:14:40','2014-10-18 19:02:20',NULL,NULL,0),(103,NULL,'2012-03-18',14.853177686400768,100.8605826392438,NULL,NULL,31,82,5,6,NULL,'2014-10-18 17:14:40','2014-10-18 19:02:20',NULL,NULL,0),(105,NULL,'2012-12-07',14.647316728344414,100.83850783937143,NULL,NULL,14,80,2,4,NULL,'2014-10-18 17:14:40','2014-10-18 19:02:20',NULL,NULL,0),(106,NULL,'2012-01-21',14.964970144044008,100.03070442227155,NULL,NULL,22,84,11,1,NULL,'2014-10-18 17:14:40','2014-10-18 19:02:20',NULL,NULL,0),(107,NULL,'2010-09-07',14.31252936659274,100.80559070955809,NULL,NULL,38,92,9,1,NULL,'2014-10-18 17:14:40','2014-10-18 19:02:20',NULL,NULL,0),(108,NULL,'2011-01-11',14.068528806346894,100.51853083281257,NULL,NULL,13,90,4,3,NULL,'2014-10-18 17:14:40','2014-10-18 19:02:20',NULL,NULL,0),(109,NULL,'2011-01-03',14.492305593337012,100.9752532538562,NULL,NULL,7,83,10,6,NULL,'2014-10-18 17:14:40','2014-10-18 19:02:20',NULL,NULL,0),(110,NULL,'2012-01-01',14.683333840438209,100.98852696675202,NULL,NULL,25,32,10,9,NULL,'2014-10-18 17:14:40','2014-10-18 19:02:20',NULL,NULL,0),(112,NULL,'2010-07-24',14.065908429196961,100.98130238399435,NULL,NULL,30,83,8,5,NULL,'2014-10-18 17:14:40','2014-10-18 19:02:20',NULL,NULL,0),(113,NULL,'2012-04-01',14.822741482833173,100.04047695287558,NULL,NULL,20,81,2,6,NULL,'2014-10-18 17:14:40','2014-10-18 19:02:20',NULL,NULL,0),(114,NULL,'2011-04-27',14.2253456596154,100.57004892594516,NULL,NULL,31,32,1,5,NULL,'2014-10-18 17:14:40','2014-10-18 19:02:20',NULL,NULL,0),(115,NULL,'2010-11-07',14.459716486176463,100.05295887123938,NULL,NULL,33,86,13,1,NULL,'2014-10-18 17:14:40','2014-10-18 19:02:20',NULL,NULL,0),(116,NULL,'2013-01-04',14.408820730947443,100.98513895686831,NULL,NULL,10,82,12,7,NULL,'2014-10-18 17:14:40','2014-10-18 19:02:20',NULL,NULL,0),(117,NULL,'2011-03-09',14.228355456922635,100.94395565259796,NULL,NULL,27,93,8,8,NULL,'2014-10-18 17:14:40','2014-10-18 19:02:20',NULL,NULL,0),(118,NULL,'2012-11-16',14.862037068507483,100.43384556525086,NULL,NULL,3,88,4,6,NULL,'2014-10-18 17:14:40','2014-10-18 19:02:20',NULL,NULL,0),(119,NULL,'2011-01-20',14.492830911207987,100.43767715395732,NULL,NULL,7,87,14,9,NULL,'2014-10-18 17:14:40','2014-10-18 19:02:20',NULL,NULL,0),(120,NULL,'2012-03-28',14.635923056692363,100.48741658484755,NULL,NULL,37,86,13,2,NULL,'2014-10-18 17:14:40','2014-10-18 19:02:20',NULL,NULL,0),(122,NULL,'2012-07-20',14.065330780473857,100.55754889436615,NULL,NULL,3,90,2,6,NULL,'2014-10-18 17:14:40','2014-10-18 19:02:20',NULL,NULL,0),(123,NULL,'2010-08-04',14.214055907879034,100.5292323098746,NULL,NULL,40,88,9,3,NULL,'2014-10-18 17:14:40','2014-10-18 19:02:20',NULL,NULL,0),(124,NULL,'2011-10-17',14.072530945618087,100.0726181702951,NULL,NULL,28,86,2,1,NULL,'2014-10-18 17:14:40','2014-10-18 19:02:20',NULL,NULL,0),(125,NULL,'2010-10-29',14.469561466181393,100.1114921061296,NULL,NULL,20,82,9,2,NULL,'2014-10-18 17:14:40','2014-10-18 19:02:20',NULL,NULL,0),(126,NULL,'2012-12-22',14.758149418714245,100.80207209189082,NULL,NULL,6,85,5,5,NULL,'2014-10-18 17:14:40','2014-10-18 19:02:20',NULL,NULL,0),(127,NULL,'2010-07-06',14.632951391560269,100.82475384399613,NULL,NULL,43,86,7,3,NULL,'2014-10-18 17:14:40','2014-10-18 19:02:20',NULL,NULL,0),(128,NULL,'2012-06-16',14.025687627427573,100.63771958244286,NULL,NULL,23,87,4,3,NULL,'2014-10-18 17:14:40','2014-10-18 19:02:20',NULL,NULL,0),(129,NULL,'2011-07-19',14.893733980545527,100.85207675671519,NULL,NULL,40,88,3,2,NULL,'2014-10-18 17:14:40','2014-10-18 19:02:20',NULL,NULL,0),(130,NULL,'2012-04-01',14.967571998978618,100.16446780187196,NULL,NULL,8,88,2,3,NULL,'2014-10-18 17:14:40','2014-10-18 19:02:20',NULL,NULL,0),(131,NULL,'2011-05-13',14.908993169667072,100.56905382156347,NULL,NULL,3,92,8,8,NULL,'2014-10-18 17:14:40','2014-10-18 19:02:20',NULL,NULL,0),(132,NULL,'2010-06-20',14.414239948560406,100.03942500213321,NULL,NULL,32,90,5,8,NULL,'2014-10-18 17:14:40','2014-10-18 19:02:20',NULL,NULL,0),(133,NULL,'2010-03-31',14.068776621575829,100.86347059484457,NULL,NULL,6,86,1,7,NULL,'2014-10-18 17:14:40','2014-10-18 19:02:20',NULL,NULL,0),(134,NULL,'2012-02-12',14.860642398983318,100.45560794342761,NULL,NULL,8,83,10,5,NULL,'2014-10-18 17:14:40','2014-10-18 19:02:20',NULL,NULL,0),(135,NULL,'2010-06-05',14.585781719656591,100.65813113042971,NULL,NULL,32,87,9,2,NULL,'2014-10-18 17:14:40','2014-10-18 19:02:20',NULL,NULL,0),(136,NULL,'2010-11-10',14.409628505754341,100.57667957161992,NULL,NULL,39,84,10,9,NULL,'2014-10-18 17:14:40','2014-10-18 19:02:20',NULL,NULL,0),(138,NULL,'2011-02-09',14.207915451490889,100.07868998649717,NULL,NULL,9,88,3,1,NULL,'2014-10-18 17:14:40','2014-10-18 19:02:20',NULL,NULL,0),(139,NULL,'2010-05-25',14.890159078712687,100.14988593327425,NULL,NULL,36,90,2,4,NULL,'2014-10-18 17:14:40','2014-10-18 19:02:20',NULL,NULL,0),(140,NULL,'2010-02-26',14.113487276530616,100.28982493699249,NULL,NULL,5,27,12,7,NULL,'2014-10-18 17:14:40','2014-10-18 19:02:20',NULL,NULL,0),(141,NULL,'2011-04-15',14.045984443056243,100.57061689230304,NULL,NULL,25,32,14,6,NULL,'2014-10-18 17:14:40','2014-10-18 19:02:20',NULL,NULL,0),(142,NULL,'2013-01-02',14.33131026263252,100.03806865868154,NULL,NULL,30,85,11,5,NULL,'2014-10-18 17:14:40','2014-10-18 19:02:20',NULL,NULL,0),(143,NULL,'2012-09-26',14.119581791793369,100.10348198256203,NULL,NULL,39,90,5,5,NULL,'2014-10-18 17:14:40','2014-10-18 19:02:20',NULL,NULL,0),(144,NULL,'2012-09-18',14.724804195820102,100.9531628932508,NULL,NULL,36,85,8,6,NULL,'2014-10-18 17:14:40','2014-10-18 19:02:20',NULL,NULL,0),(145,NULL,'2010-07-09',14.535675882166817,100.06055548865503,NULL,NULL,38,84,1,5,NULL,'2014-10-18 17:14:40','2014-10-18 19:02:20',NULL,NULL,0),(146,NULL,'2012-06-02',14.525974706535907,100.05181220882595,NULL,NULL,43,83,3,2,NULL,'2014-10-18 17:14:40','2014-10-18 19:02:20',NULL,NULL,0),(147,NULL,'2012-06-23',14.064793114594325,100.31264791760628,NULL,NULL,4,82,1,7,NULL,'2014-10-18 17:14:40','2014-10-18 19:02:20',NULL,NULL,0),(148,NULL,'2011-11-18',14.014082460330021,100.16721854997628,NULL,NULL,16,87,3,7,NULL,'2014-10-18 17:14:40','2014-10-18 19:02:20',NULL,NULL,0),(150,NULL,'2011-09-21',14.00069220530343,100.36938816679738,NULL,NULL,29,84,11,9,NULL,'2014-10-18 17:14:40','2014-10-18 19:02:20',NULL,NULL,0),(151,NULL,'2012-10-26',14.608039033937365,100.3573880631057,NULL,NULL,43,80,9,9,NULL,'2014-10-18 17:14:40','2014-10-18 19:02:20',NULL,NULL,0),(152,NULL,'2010-05-19',14.406021657682013,100.06959428460081,NULL,NULL,26,80,5,9,NULL,'2014-10-18 17:14:40','2014-10-18 19:02:20',NULL,NULL,0),(153,NULL,'2010-06-13',14.839564966689927,100.26094232926933,NULL,NULL,42,86,2,9,NULL,'2014-10-18 17:14:40','2014-10-18 19:02:20',NULL,NULL,0),(154,NULL,'2010-11-05',14.026624014491397,100.0018396219863,NULL,NULL,41,84,9,5,NULL,'2014-10-18 17:14:40','2014-10-18 19:02:20',NULL,NULL,0),(155,NULL,'2011-03-16',14.179326224683987,100.66474589408813,NULL,NULL,41,32,7,9,NULL,'2014-10-18 17:14:40','2014-10-18 19:02:20',NULL,NULL,0),(156,NULL,'2011-10-27',14.827438068008172,100.20282553336051,NULL,NULL,33,82,7,2,NULL,'2014-10-18 17:14:40','2014-10-18 19:02:20',NULL,NULL,0),(157,NULL,'2011-10-01',14.473678575162603,100.2265072052601,NULL,NULL,13,81,13,7,NULL,'2014-10-18 17:14:40','2014-10-18 19:02:20',NULL,NULL,0),(158,NULL,'2011-04-16',14.688412293387097,100.0457196827335,NULL,NULL,16,85,6,2,NULL,'2014-10-18 17:14:40','2014-10-18 19:02:20',NULL,NULL,0),(159,NULL,'2012-05-05',14.304463544152869,100.93634254521456,NULL,NULL,8,85,7,1,NULL,'2014-10-18 17:14:40','2014-10-18 19:02:20',NULL,NULL,0),(160,NULL,'2012-02-24',14.616025611283701,100.54060540262071,NULL,NULL,24,83,3,7,NULL,'2014-10-18 17:14:40','2014-10-18 19:02:20',NULL,NULL,0),(161,NULL,'2010-05-03',14.188693987783598,100.37506926686599,NULL,NULL,25,86,7,9,NULL,'2014-10-18 17:14:40','2014-10-18 19:02:20',NULL,NULL,0),(162,NULL,'2011-03-20',14.895558215777019,100.87339856142819,NULL,NULL,27,86,9,9,NULL,'2014-10-18 17:14:40','2014-10-18 19:02:20',NULL,NULL,0),(163,NULL,'2010-04-15',14.781026131307645,100.31117079167201,NULL,NULL,25,81,14,9,NULL,'2014-10-18 17:14:40','2014-10-18 19:02:20',NULL,NULL,0),(164,NULL,'2012-08-14',14.136925968336445,100.6667143556012,NULL,NULL,23,80,14,8,NULL,'2014-10-18 17:14:40','2014-10-18 19:02:20',NULL,NULL,0),(165,NULL,'2012-11-03',14.766259373902935,100.48267641605231,NULL,NULL,8,82,2,2,NULL,'2014-10-18 17:14:40','2014-10-18 19:02:20',NULL,NULL,0),(166,NULL,'2012-10-08',14.27781866209991,100.16584276793255,NULL,NULL,30,80,2,3,NULL,'2014-10-18 17:14:40','2014-10-18 19:02:20',NULL,NULL,0),(167,NULL,'2010-05-30',14.456361809192494,100.72612657557593,NULL,NULL,7,83,1,2,NULL,'2014-10-18 17:14:40','2014-10-18 19:02:20',NULL,NULL,0),(168,NULL,'2010-05-19',14.842587997428112,100.24640709566881,NULL,NULL,17,89,7,7,NULL,'2014-10-18 17:14:40','2014-10-18 19:02:20',NULL,NULL,0),(169,NULL,'2012-09-04',14.986151985477118,100.23038836241227,NULL,NULL,23,80,10,1,NULL,'2014-10-18 17:14:40','2014-10-18 19:02:20',NULL,NULL,0),(170,NULL,'2011-01-13',14.020336381150424,100.23970192967262,NULL,NULL,44,92,1,6,NULL,'2014-10-18 17:14:40','2014-10-18 19:02:20',NULL,NULL,0),(171,NULL,'2010-04-28',14.105223202732203,100.42121449568403,NULL,NULL,6,80,4,8,NULL,'2014-10-18 17:14:40','2014-10-18 19:02:20',NULL,NULL,0),(173,NULL,'2012-08-04',14.344987316164843,100.91707575159964,NULL,NULL,5,93,1,4,NULL,'2014-10-18 17:14:40','2014-10-18 19:02:20',NULL,NULL,0),(174,NULL,'2010-06-11',14.766780576020327,100.54909927064665,NULL,NULL,6,85,14,4,NULL,'2014-10-18 17:14:40','2014-10-18 19:02:20',NULL,NULL,0),(175,NULL,'2011-03-20',14.357983050069974,100.43030528329015,NULL,NULL,9,89,9,1,NULL,'2014-10-18 17:14:40','2014-10-18 19:02:20',NULL,NULL,0),(176,NULL,'2012-09-17',14.611950954337109,100.68824025884011,NULL,NULL,29,93,3,9,NULL,'2014-10-18 17:14:40','2014-10-18 19:02:20',NULL,NULL,0),(177,NULL,'2012-03-03',14.05858995116177,100.95268431555151,NULL,NULL,3,92,7,5,NULL,'2014-10-18 17:14:40','2014-10-18 19:02:20',NULL,NULL,0),(178,NULL,'2012-03-08',14.225648481908788,100.70252824014445,NULL,NULL,9,27,12,9,NULL,'2014-10-18 17:14:40','2014-10-18 19:02:20',NULL,NULL,0),(179,NULL,'2010-04-01',14.845180095628484,100.46090083990353,NULL,NULL,27,89,14,5,NULL,'2014-10-18 17:14:40','2014-10-18 19:02:20',NULL,NULL,0),(180,NULL,'2010-09-04',14.538429437564536,100.06461640054509,NULL,NULL,38,81,10,3,NULL,'2014-10-18 17:14:40','2014-10-18 19:02:20',NULL,NULL,0),(181,NULL,'2010-04-13',14.892465589540317,100.91061886196331,NULL,NULL,9,86,12,4,NULL,'2014-10-18 17:14:40','2014-10-18 19:02:20',NULL,NULL,0),(182,NULL,'2012-04-14',14.693844100822163,100.71780808720803,NULL,NULL,18,80,2,6,NULL,'2014-10-18 17:14:40','2014-10-18 19:02:20',NULL,NULL,0),(183,NULL,'2010-03-13',14.924966191254482,100.60083961180464,NULL,NULL,11,88,13,5,NULL,'2014-10-18 17:14:40','2014-10-18 19:02:20',NULL,NULL,0),(184,NULL,'2011-06-29',14.565375111076023,100.63806948320632,NULL,NULL,3,87,4,3,NULL,'2014-10-18 17:14:40','2014-10-18 19:02:20',NULL,NULL,0),(185,NULL,'2011-01-29',14.448295717075995,100.9081935465716,NULL,NULL,4,80,4,8,NULL,'2014-10-18 17:14:40','2014-10-18 19:02:20',NULL,NULL,0),(186,NULL,'2013-01-13',14.589490039943069,100.43095770597428,NULL,NULL,26,80,12,9,NULL,'2014-10-18 17:14:40','2014-10-18 19:02:20',NULL,NULL,0),(187,NULL,'2011-12-19',14.155871840858277,100.51597116087228,NULL,NULL,32,89,5,5,NULL,'2014-10-18 17:14:40','2014-10-18 19:02:20',NULL,NULL,0),(188,NULL,'2010-10-06',14.126828059319879,100.66721612346747,NULL,NULL,11,87,11,3,NULL,'2014-10-18 17:14:40','2014-10-18 19:02:20',NULL,NULL,0),(189,NULL,'2011-10-20',14.20947195345856,100.60426564597113,NULL,NULL,23,93,13,2,NULL,'2014-10-18 17:14:40','2014-10-18 19:02:20',NULL,NULL,0),(190,NULL,'2011-05-23',14.867137912506141,100.54576746220559,NULL,NULL,31,92,5,2,NULL,'2014-10-18 17:14:40','2014-10-18 19:02:20',NULL,NULL,0),(192,NULL,'2012-03-30',14.445245004396854,100.7497503583649,NULL,NULL,13,81,2,9,NULL,'2014-10-18 17:14:40','2014-10-18 19:02:20',NULL,NULL,0),(193,NULL,'2012-09-03',14.44542458881295,100.38379016684009,NULL,NULL,26,83,9,6,NULL,'2014-10-18 17:14:40','2014-10-18 19:02:20',NULL,NULL,0),(194,NULL,'2012-05-03',14.097678052685136,100.3584534206341,NULL,NULL,18,32,10,9,NULL,'2014-10-18 17:14:40','2014-10-18 19:02:20',NULL,NULL,0),(195,NULL,'2011-08-21',14.888125146832293,100.57812325955076,NULL,NULL,29,32,5,6,NULL,'2014-10-18 17:14:40','2014-10-18 19:02:20',NULL,NULL,0),(196,NULL,'2010-03-31',14.589604721286847,100.93437460230963,NULL,NULL,5,84,12,3,NULL,'2014-10-18 17:14:40','2014-10-18 19:02:20',NULL,NULL,0),(197,NULL,'2012-08-12',14.597108126060329,100.26705445324379,NULL,NULL,38,82,12,6,NULL,'2014-10-18 17:14:40','2014-10-18 19:02:20',NULL,NULL,0),(198,NULL,'2011-10-01',14.686269066438811,100.15816026915698,NULL,NULL,38,27,5,5,NULL,'2014-10-18 17:14:40','2014-10-18 19:02:20',NULL,NULL,0),(199,NULL,'2011-04-14',14.402049661720351,100.67625179298282,NULL,NULL,42,89,5,5,NULL,'2014-10-18 17:14:40','2014-10-18 19:02:20',NULL,NULL,0),(200,NULL,'2011-07-20',14.746977317622802,100.62398644366921,NULL,NULL,14,83,2,4,NULL,'2014-10-18 17:14:40','2014-10-18 19:02:20',NULL,NULL,0),(201,NULL,'2012-04-29',14.138723547326448,100.81198466504925,NULL,NULL,12,89,12,7,NULL,'2014-10-18 17:14:40','2014-10-18 19:02:20',NULL,NULL,0),(202,NULL,'2010-12-30',14.23493865234546,100.79481167513609,NULL,NULL,30,81,6,9,NULL,'2014-10-18 17:14:40','2014-10-18 19:02:20',NULL,NULL,0),(203,NULL,'2012-01-05',14.976597537959412,100.96774039284486,NULL,NULL,11,93,4,7,NULL,'2014-10-18 17:14:40','2014-10-18 19:02:20',NULL,NULL,0),(204,NULL,'2012-10-12',14.839091765990476,100.54865353331299,NULL,NULL,38,93,8,3,NULL,'2014-10-18 17:14:40','2014-10-18 19:02:20',NULL,NULL,0),(205,NULL,'2010-10-13',14.410754258760235,100.31567222438159,NULL,NULL,5,90,13,8,NULL,'2014-10-18 17:14:40','2014-10-18 19:02:20',NULL,NULL,0),(206,NULL,'2012-04-27',14.816163052879634,100.33036648719681,NULL,NULL,16,87,14,3,NULL,'2014-10-18 17:14:40','2014-10-18 19:02:20',NULL,NULL,0),(207,NULL,'2012-04-22',14.570218182055973,100.57007581803276,NULL,NULL,12,80,7,6,NULL,'2014-10-18 17:14:40','2014-10-18 19:02:20',NULL,NULL,0),(210,NULL,'2012-08-28',14.483804900346428,100.85819411980805,NULL,NULL,42,32,11,5,NULL,'2014-10-18 17:14:40','2014-10-18 19:02:20',NULL,NULL,0),(212,NULL,'2011-11-30',14.04213703004145,100.77935952007962,NULL,NULL,11,85,13,5,NULL,'2014-10-18 17:14:40','2014-10-18 19:02:20',NULL,NULL,0),(213,NULL,'2012-11-06',14.695170340654075,100.15678194131397,NULL,NULL,15,88,1,3,NULL,'2014-10-18 17:14:40','2014-10-18 19:02:20',NULL,NULL,0),(214,NULL,'2010-11-26',14.633499792488278,100.92673958781165,NULL,NULL,14,83,4,4,NULL,'2014-10-18 17:14:40','2014-10-18 19:02:20',NULL,NULL,0),(215,NULL,'2012-09-22',14.620335416803401,100.48414466049624,NULL,NULL,27,92,11,1,NULL,'2014-10-18 17:14:40','2014-10-18 19:02:20',NULL,NULL,0),(216,NULL,'2011-08-30',14.314665164326497,100.5076827455239,NULL,NULL,4,89,9,4,NULL,'2014-10-18 17:14:40','2014-10-18 19:02:20',NULL,NULL,0),(217,NULL,'2010-08-06',14.110722208789372,100.09847758953143,NULL,NULL,5,32,9,9,NULL,'2014-10-18 17:14:40','2014-10-18 19:02:20',NULL,NULL,0),(218,NULL,'2010-09-12',14.119290861945405,100.25798960175227,NULL,NULL,12,84,7,7,NULL,'2014-10-18 17:14:40','2014-10-18 19:02:20',NULL,NULL,0),(219,NULL,'2011-02-20',14.814358115289746,100.89100542319322,NULL,NULL,20,87,12,5,NULL,'2014-10-18 17:14:40','2014-10-18 19:02:20',NULL,NULL,0),(221,NULL,'2011-07-14',14.898101041333154,100.44176746535285,NULL,NULL,17,86,3,8,NULL,'2014-10-18 17:14:40','2014-10-18 19:02:20',NULL,NULL,0),(222,NULL,'2010-10-26',14.729594240672272,100.80751000823656,NULL,NULL,18,86,14,1,NULL,'2014-10-18 17:14:40','2014-10-18 19:02:20',NULL,NULL,0),(223,NULL,'2011-02-04',14.802699767059378,100.06229484638845,NULL,NULL,5,86,9,7,NULL,'2014-10-18 17:14:40','2014-10-18 19:02:20',NULL,NULL,0),(224,NULL,'2012-10-23',14.065431552418156,100.06218269420546,NULL,NULL,25,80,11,6,NULL,'2014-10-18 17:14:40','2014-10-18 19:02:20',NULL,NULL,0),(225,NULL,'2010-12-27',14.152526452215765,100.2435301843513,NULL,NULL,40,93,11,7,NULL,'2014-10-18 17:14:40','2014-10-18 19:02:20',NULL,NULL,0),(226,NULL,'2011-04-23',14.873625489440617,100.63537377108878,NULL,NULL,19,83,10,3,NULL,'2014-10-18 17:14:40','2014-10-18 19:02:20',NULL,NULL,0),(227,NULL,'2011-07-14',14.741228142356833,100.46788576631799,NULL,NULL,43,80,9,8,NULL,'2014-10-18 17:14:40','2014-10-18 19:02:20',NULL,NULL,0),(228,NULL,'2011-05-09',14.80711674767188,100.43769127198661,NULL,NULL,17,27,9,9,NULL,'2014-10-18 17:14:40','2014-10-18 19:02:20',NULL,NULL,0),(229,NULL,'2011-03-13',14.833105243402738,100.1364007437404,NULL,NULL,4,81,7,8,NULL,'2014-10-18 17:14:40','2014-10-18 19:02:20',NULL,NULL,0),(230,NULL,'2011-09-12',14.023887523761147,100.38059146626647,NULL,NULL,23,91,12,3,NULL,'2014-10-18 17:14:40','2014-10-18 19:02:20',NULL,NULL,0),(231,NULL,'2010-12-13',14.52198911466432,100.48134144102934,NULL,NULL,7,32,12,5,NULL,'2014-10-18 17:14:40','2014-10-18 19:02:20',NULL,NULL,0),(232,NULL,'2011-01-05',14.571518463460752,100.46961052599505,NULL,NULL,44,27,1,6,NULL,'2014-10-18 17:14:40','2014-10-18 19:02:20',NULL,NULL,0),(233,NULL,'2010-02-05',14.033871462054844,100.75770497047314,NULL,NULL,3,80,11,4,NULL,'2014-10-18 17:14:40','2014-10-18 19:02:20',NULL,NULL,0),(234,NULL,'2012-02-24',14.771904849098057,100.66475824456455,NULL,NULL,13,89,5,7,NULL,'2014-10-18 17:14:40','2014-10-18 19:02:20',NULL,NULL,0),(235,NULL,'2012-09-28',14.532125957338502,100.16942321561464,NULL,NULL,13,83,3,6,NULL,'2014-10-18 17:14:40','2014-10-18 19:02:20',NULL,NULL,0),(236,NULL,'2011-03-04',14.627781085573258,100.31038744875147,NULL,NULL,18,80,5,8,NULL,'2014-10-18 17:14:40','2014-10-18 19:02:20',NULL,NULL,0),(237,NULL,'2012-04-24',14.786653513933812,100.98723730593136,NULL,NULL,38,88,3,5,NULL,'2014-10-18 17:14:40','2014-10-18 19:02:20',NULL,NULL,0),(238,NULL,'2010-05-23',14.217277221028771,100.78575069922954,NULL,NULL,16,87,13,2,NULL,'2014-10-18 17:14:40','2014-10-18 19:02:20',NULL,NULL,0),(239,NULL,'2012-07-18',14.9040591395786,100.36226234259149,NULL,NULL,14,89,2,3,NULL,'2014-10-18 17:14:40','2014-10-18 19:02:20',NULL,NULL,0),(240,NULL,'2011-08-22',14.550427213192824,100.42004430039894,NULL,NULL,11,85,9,4,NULL,'2014-10-18 17:14:40','2014-10-18 19:02:20',NULL,NULL,0),(241,NULL,'2011-05-09',14.914819122664673,100.14197906395059,NULL,NULL,26,82,6,5,NULL,'2014-10-18 17:14:40','2014-10-18 19:02:20',NULL,NULL,0),(242,NULL,'2012-06-30',14.108130354877396,100.20566172496618,NULL,NULL,4,83,10,1,NULL,'2014-10-18 17:14:40','2014-10-18 19:02:20',NULL,NULL,0),(243,NULL,'2011-01-12',14.352163933130857,100.60318782473095,NULL,NULL,20,89,3,8,NULL,'2014-10-18 17:14:40','2014-10-18 19:02:20',NULL,NULL,0),(244,NULL,'2010-12-11',14.952398527802565,100.66996485613265,NULL,NULL,32,93,10,7,NULL,'2014-10-18 17:14:40','2014-10-18 19:02:20',NULL,NULL,0),(245,NULL,'2011-11-22',14.285303324365858,100.48200864758797,NULL,NULL,14,83,3,2,NULL,'2014-10-18 17:14:40','2014-10-18 19:02:20',NULL,NULL,0),(246,NULL,'2011-01-07',14.968157991494667,100.25066240986324,NULL,NULL,29,32,12,8,NULL,'2014-10-18 17:14:40','2014-10-18 19:02:20',NULL,NULL,0),(247,NULL,'2011-09-15',14.28364284224092,100.14320033550621,NULL,NULL,7,84,1,6,NULL,'2014-10-18 17:14:40','2014-10-18 19:02:20',NULL,NULL,0),(248,NULL,'2011-04-09',14.33132725997967,100.50788675121746,NULL,NULL,25,92,13,4,NULL,'2014-10-18 17:14:40','2014-10-18 19:02:20',NULL,NULL,0),(249,NULL,'2010-08-11',14.143347209250518,100.18613404697592,NULL,NULL,6,86,7,1,NULL,'2014-10-18 17:14:40','2014-10-18 19:02:20',NULL,NULL,0),(250,NULL,'2012-04-23',14.915695784224793,100.38520127227753,NULL,NULL,39,92,10,7,NULL,'2014-10-18 17:14:40','2014-10-18 19:02:20',NULL,NULL,0),(251,NULL,'2011-02-01',14.019758170662238,100.00142636123266,NULL,NULL,36,82,4,7,NULL,'2014-10-18 17:14:40','2014-10-18 19:02:20',NULL,NULL,0),(252,NULL,'2012-10-17',14.68036978745971,100.02219969546265,NULL,NULL,22,86,6,5,NULL,'2014-10-18 17:14:40','2014-10-18 19:02:20',NULL,NULL,0),(253,NULL,'2012-02-21',14.994020876772089,100.78143259563468,NULL,NULL,39,92,5,5,NULL,'2014-10-18 17:14:40','2014-10-18 19:02:20',NULL,NULL,0),(254,NULL,'2011-10-16',14.545272794266143,100.8775391664782,NULL,NULL,8,90,3,8,NULL,'2014-10-18 17:14:40','2014-10-18 19:02:20',NULL,NULL,0),(255,NULL,'2012-12-03',14.010554550156073,100.48895250431706,NULL,NULL,15,82,12,3,NULL,'2014-10-18 17:14:40','2014-10-18 19:02:20',NULL,NULL,0),(256,NULL,'2010-12-11',14.646918050734595,100.0312440257935,NULL,NULL,42,86,5,3,NULL,'2014-10-18 17:14:40','2014-10-18 19:02:20',NULL,NULL,0),(257,NULL,'2011-12-09',14.67466122383839,100.69734406665646,NULL,NULL,31,93,3,6,NULL,'2014-10-18 17:14:40','2014-10-18 19:02:20',NULL,NULL,0),(258,NULL,'2010-03-22',14.972718615307338,100.63092303700367,NULL,NULL,33,88,14,5,NULL,'2014-10-18 17:14:40','2014-10-18 19:02:20',NULL,NULL,0),(259,NULL,'2011-09-15',14.074089899708639,100.56767487952798,NULL,NULL,32,82,3,3,NULL,'2014-10-18 17:14:40','2014-10-18 19:02:20',NULL,NULL,0),(260,NULL,'2010-09-08',14.2629647646155,100.23345816214396,NULL,NULL,28,85,3,3,NULL,'2014-10-18 17:14:40','2014-10-18 19:02:20',NULL,NULL,0),(261,NULL,'2011-11-23',14.00977642938429,100.17153064394431,NULL,NULL,18,89,8,4,NULL,'2014-10-18 17:14:40','2014-10-18 19:02:20',NULL,NULL,0),(262,NULL,'2012-09-14',14.632616484957744,100.80815587672146,NULL,NULL,24,85,5,2,NULL,'2014-10-18 17:14:40','2014-10-18 19:02:20',NULL,NULL,0),(263,NULL,'2011-03-05',14.017004670550469,100.5661591766967,NULL,NULL,7,32,2,4,NULL,'2014-10-18 17:14:40','2014-10-18 19:02:20',NULL,NULL,0),(264,NULL,'2012-04-17',14.304693429089328,100.03706829064978,NULL,NULL,32,90,1,8,NULL,'2014-10-18 17:14:40','2014-10-18 19:02:20',NULL,NULL,0),(265,NULL,'2012-01-31',14.601672627444263,100.70295255967764,NULL,NULL,18,93,11,2,NULL,'2014-10-18 17:14:40','2014-10-18 19:02:20',NULL,NULL,0),(266,NULL,'2011-07-05',14.054684931425463,100.45758383708937,NULL,NULL,29,82,3,1,NULL,'2014-10-18 17:14:40','2014-10-18 19:02:20',NULL,NULL,0),(267,NULL,'2012-02-08',14.968591441146852,100.57473553314645,NULL,NULL,25,85,13,2,NULL,'2014-10-18 17:14:40','2014-10-18 19:02:20',NULL,NULL,0),(268,NULL,'2010-11-16',14.168108332910162,100.51081990364847,NULL,NULL,27,91,11,2,NULL,'2014-10-18 17:14:40','2014-10-18 19:02:20',NULL,NULL,0),(269,NULL,'2012-06-18',14.346984725982352,100.15592128072275,NULL,NULL,3,93,6,7,NULL,'2014-10-18 17:14:40','2014-10-18 19:02:20',NULL,NULL,0),(270,NULL,'2011-07-19',14.312436060790713,100.56793325699975,NULL,NULL,4,91,2,6,NULL,'2014-10-18 17:14:40','2014-10-18 19:02:20',NULL,NULL,0),(271,NULL,'2011-05-22',14.928684429167127,100.21314082556046,NULL,NULL,6,93,1,9,NULL,'2014-10-18 17:14:40','2014-10-18 19:02:20',NULL,NULL,0),(272,NULL,'2010-06-27',14.949379277545214,100.72538468781114,NULL,NULL,6,85,3,8,NULL,'2014-10-18 17:14:40','2014-10-18 19:02:20',NULL,NULL,0),(273,NULL,'2011-08-28',14.979805421890925,100.46629654070105,NULL,NULL,22,85,4,9,NULL,'2014-10-18 17:14:40','2014-10-18 19:02:20',NULL,NULL,0),(274,NULL,'2011-10-29',14.746024236215273,100.44177951778094,NULL,NULL,33,89,2,5,NULL,'2014-10-18 17:14:40','2014-10-18 19:02:20',NULL,NULL,0),(275,NULL,'2012-01-04',14.99638476287149,100.15057231579891,NULL,NULL,28,90,5,1,NULL,'2014-10-18 17:14:40','2014-10-18 19:02:20',NULL,NULL,0),(276,NULL,'2011-08-24',14.039508783072906,100.78151971315725,NULL,NULL,10,80,9,5,NULL,'2014-10-18 17:14:40','2014-10-18 19:02:20',NULL,NULL,0),(277,NULL,'2011-07-28',14.084049316256461,100.6943916579607,NULL,NULL,19,81,12,4,NULL,'2014-10-18 17:14:40','2014-10-18 19:02:20',NULL,NULL,0),(278,NULL,'2013-01-15',14.093425181877326,100.26828345422159,NULL,NULL,14,32,5,6,NULL,'2014-10-18 17:14:40','2014-10-18 19:02:20',NULL,NULL,0),(279,NULL,'2011-10-10',14.61579457944503,100.6604553962007,NULL,NULL,9,84,12,4,NULL,'2014-10-18 17:14:40','2014-10-18 19:02:20',NULL,NULL,0),(281,NULL,'2010-02-14',14.667894155659592,100.79051757903588,NULL,NULL,17,32,7,3,NULL,'2014-10-18 17:14:40','2014-10-18 19:02:20',NULL,NULL,0),(282,NULL,'2012-09-24',14.726928803190278,100.99304263319986,NULL,NULL,40,80,9,4,NULL,'2014-10-18 17:14:40','2014-10-18 19:02:20',NULL,NULL,0),(283,NULL,'2013-01-26',14.83072732373843,100.40024312401346,NULL,NULL,20,90,10,3,NULL,'2014-10-18 17:14:40','2014-10-18 19:02:20',NULL,NULL,0),(284,NULL,'2011-06-04',14.336566540612244,100.13520585095696,NULL,NULL,22,80,5,9,NULL,'2014-10-18 17:14:40','2014-10-18 19:02:20',NULL,NULL,0),(285,NULL,'2010-08-20',14.591107305839502,100.55946860771927,NULL,NULL,36,91,2,6,NULL,'2014-10-18 17:14:40','2014-10-18 19:02:20',NULL,NULL,0),(286,NULL,'2013-01-14',14.395416000826138,100.52661072335876,NULL,NULL,7,80,10,3,NULL,'2014-10-18 17:14:40','2014-10-18 19:02:20',NULL,NULL,0),(287,NULL,'2010-03-31',14.625834679531948,100.95287907188138,NULL,NULL,40,84,4,3,NULL,'2014-10-18 17:14:40','2014-10-18 19:02:20',NULL,NULL,0),(288,NULL,'2010-05-01',14.703254813145165,100.0994433010953,NULL,NULL,13,81,1,5,NULL,'2014-10-18 17:14:40','2014-10-18 19:02:20',NULL,NULL,0),(289,NULL,'2010-08-05',14.16832168401619,100.82053305514934,NULL,NULL,12,81,3,3,NULL,'2014-10-18 17:14:40','2014-10-18 19:02:20',NULL,NULL,0),(290,NULL,'2010-08-13',14.331304755395992,100.97463067623306,NULL,NULL,17,87,5,2,NULL,'2014-10-18 17:14:40','2014-10-18 19:02:20',NULL,NULL,0),(292,NULL,'2012-06-03',14.923597562224478,100.96635733485856,NULL,NULL,24,85,11,1,NULL,'2014-10-18 17:14:40','2014-10-18 19:02:20',NULL,NULL,0),(293,NULL,'2010-09-20',14.392143512943303,100.5991661719954,NULL,NULL,29,92,3,4,NULL,'2014-10-18 17:14:40','2014-10-18 19:02:20',NULL,NULL,0),(294,NULL,'2012-09-22',14.192945682414171,100.34085415142252,NULL,NULL,12,32,11,3,NULL,'2014-10-18 17:14:40','2014-10-18 19:02:20',NULL,NULL,0),(295,NULL,'2012-09-09',14.933117258947854,100.64144799682181,NULL,NULL,40,32,4,8,NULL,'2014-10-18 17:14:40','2014-10-18 19:02:20',NULL,NULL,0),(296,NULL,'2011-03-23',14.189033270716628,100.29191140018261,NULL,NULL,44,93,3,8,NULL,'2014-10-18 17:14:40','2014-10-18 19:02:20',NULL,NULL,0),(297,NULL,'2012-06-08',14.174315161562825,100.42812120771302,NULL,NULL,9,82,13,5,NULL,'2014-10-18 17:14:40','2014-10-18 19:02:20',NULL,NULL,0),(298,NULL,'2011-12-18',14.945762794079199,100.25910634575997,NULL,NULL,19,82,6,1,NULL,'2014-10-18 17:14:40','2014-10-18 19:02:20',NULL,NULL,0),(299,NULL,'2011-10-23',14.965107610953538,100.36032751266934,NULL,NULL,32,86,6,8,NULL,'2014-10-18 17:14:40','2014-10-18 19:02:20',NULL,NULL,0),(300,NULL,'2011-03-02',14.357204105504792,100.80073867336736,NULL,NULL,11,89,4,5,NULL,'2014-10-18 17:14:40','2014-10-18 19:02:20',NULL,NULL,0),(301,NULL,'2010-07-02',14.733931717249863,100.66909924654814,NULL,NULL,24,81,14,5,NULL,'2014-10-18 17:14:40','2014-10-18 19:02:20',NULL,NULL,0),(302,NULL,'2012-02-25',14.429620180888364,100.18197202016668,NULL,NULL,22,82,5,5,NULL,'2014-10-18 17:14:40','2014-10-18 19:02:20',NULL,NULL,0),(303,NULL,'2010-06-03',14.276745369936737,100.82643958071903,NULL,NULL,18,82,11,4,NULL,'2014-10-18 17:14:40','2014-10-18 19:02:20',NULL,NULL,0),(304,NULL,'2010-02-13',14.673655554861774,100.12309288428389,NULL,NULL,9,91,8,5,NULL,'2014-10-18 17:14:40','2014-10-18 19:02:20',NULL,NULL,0),(305,NULL,'2012-12-02',14.75469415830649,100.85622910088794,NULL,NULL,13,88,7,2,NULL,'2014-10-18 17:14:40','2014-10-18 19:02:20',NULL,NULL,0),(306,NULL,'2012-06-03',14.468124449808293,100.73922351741493,NULL,NULL,41,87,3,5,NULL,'2014-10-18 17:14:40','2014-10-18 19:02:20',NULL,NULL,0),(307,NULL,'2010-10-15',14.386116366755209,100.22896778391511,NULL,NULL,7,27,4,9,NULL,'2014-10-18 17:14:40','2014-10-18 19:02:20',NULL,NULL,0),(308,NULL,'2010-02-10',14.414869896508463,100.45133980773453,NULL,NULL,31,86,8,7,NULL,'2014-10-18 17:14:40','2014-10-18 19:02:20',NULL,NULL,0),(309,NULL,'2013-01-07',14.796095984380303,100.13240970802174,NULL,NULL,8,82,1,5,NULL,'2014-10-18 17:14:40','2014-10-18 19:02:20',NULL,NULL,0),(310,NULL,'2012-08-19',14.207391451811244,100.49374131443211,NULL,NULL,36,82,2,3,NULL,'2014-10-18 17:14:40','2014-10-18 19:02:20',NULL,NULL,0),(312,NULL,'2012-02-28',14.773629528458207,100.27262382218464,NULL,NULL,13,81,12,4,NULL,'2014-10-18 17:14:40','2014-10-18 19:02:20',NULL,NULL,0),(313,NULL,'2010-06-14',14.706213682919087,100.2836442995078,NULL,NULL,10,83,10,9,NULL,'2014-10-18 17:14:40','2014-10-18 19:02:20',NULL,NULL,0),(314,NULL,'2010-10-22',14.040587889223401,100.46779701365979,NULL,NULL,5,90,6,3,NULL,'2014-10-18 17:14:40','2014-10-18 19:02:20',NULL,NULL,0),(315,NULL,'2010-09-23',14.228087249965004,100.498874640203,NULL,NULL,36,88,5,3,NULL,'2014-10-18 17:14:40','2014-10-18 19:02:20',NULL,NULL,0),(316,NULL,'2012-05-01',14.17749745912255,100.75491717955371,NULL,NULL,24,92,14,1,NULL,'2014-10-18 17:14:40','2014-10-18 19:02:20',NULL,NULL,0),(317,NULL,'2012-10-01',14.005718849196683,100.15920924165528,NULL,NULL,37,87,9,3,NULL,'2014-10-18 17:14:40','2014-10-18 19:02:20',NULL,NULL,0),(318,NULL,'2012-06-15',14.143764446043479,100.64529867330435,NULL,NULL,14,85,8,5,NULL,'2014-10-18 17:14:40','2014-10-18 19:02:20',NULL,NULL,0),(319,NULL,'2011-06-22',14.621728726228199,100.79020651607026,NULL,NULL,17,80,12,7,NULL,'2014-10-18 17:14:40','2014-10-18 19:02:20',NULL,NULL,0),(320,NULL,'2010-06-22',14.776531322990616,100.40779672810113,NULL,NULL,37,91,6,9,NULL,'2014-10-18 17:14:40','2014-10-18 19:02:20',NULL,NULL,0),(321,NULL,'2011-04-22',14.230129931662178,100.83825642252151,NULL,NULL,17,88,7,8,NULL,'2014-10-18 17:14:40','2014-10-18 19:02:20',NULL,NULL,0),(322,NULL,'2010-09-12',14.20799027184448,100.58117568373846,NULL,NULL,31,88,7,2,NULL,'2014-10-18 17:14:40','2014-10-18 19:02:20',NULL,NULL,0),(323,NULL,'2012-06-10',14.038464342454613,100.40608309646129,NULL,NULL,37,89,5,8,NULL,'2014-10-18 17:14:40','2014-10-18 19:02:20',NULL,NULL,0),(324,NULL,'2011-07-12',14.599028094789993,100.93757588598025,NULL,NULL,38,81,3,8,NULL,'2014-10-18 17:14:40','2014-10-18 19:02:20',NULL,NULL,0),(325,NULL,'2013-01-08',14.879806960794872,100.35399327941963,NULL,NULL,23,85,1,8,NULL,'2014-10-18 17:14:40','2014-10-18 19:02:20',NULL,NULL,0),(326,NULL,'2012-06-18',14.914128231985165,100.72868920353186,NULL,NULL,44,83,14,1,NULL,'2014-10-18 17:14:40','2014-10-18 19:02:20',NULL,NULL,0),(327,NULL,'2011-07-24',14.39135264297251,100.00579110805039,NULL,NULL,10,87,6,4,NULL,'2014-10-18 17:14:40','2014-10-18 19:02:20',NULL,NULL,0),(328,NULL,'2011-01-14',14.071008530523166,100.39152511139021,NULL,NULL,41,92,1,5,NULL,'2014-10-18 17:14:40','2014-10-18 19:02:20',NULL,NULL,0),(329,NULL,'2012-06-01',14.785929131199204,100.17991996393383,NULL,NULL,42,86,4,7,NULL,'2014-10-18 17:14:40','2014-10-18 19:02:20',NULL,NULL,0),(330,NULL,'2011-01-22',14.58355122907314,100.0138421766621,NULL,NULL,30,32,8,2,NULL,'2014-10-18 17:14:40','2014-10-18 19:02:20',NULL,NULL,0),(331,NULL,'2010-05-25',14.453561595763112,100.74391406065311,NULL,NULL,8,90,4,9,NULL,'2014-10-18 17:14:40','2014-10-18 19:02:20',NULL,NULL,0),(332,NULL,'2011-11-23',14.514601257514395,100.14776281212141,NULL,NULL,9,92,12,8,NULL,'2014-10-18 17:14:40','2014-10-18 19:02:20',NULL,NULL,0),(333,NULL,'2010-04-17',14.375312193726115,100.53177144625509,NULL,NULL,24,27,10,6,NULL,'2014-10-18 17:14:40','2014-10-18 19:02:20',NULL,NULL,0),(334,NULL,'2012-05-09',14.692047439045524,100.29920375212683,NULL,NULL,30,89,11,7,NULL,'2014-10-18 17:14:40','2014-10-18 19:02:20',NULL,NULL,0),(335,NULL,'2010-10-16',14.431574074224837,100.85194186030098,NULL,NULL,8,84,8,9,NULL,'2014-10-18 17:14:40','2014-10-18 19:02:20',NULL,NULL,0),(336,NULL,'2012-02-03',14.45959690437672,100.32504061071491,NULL,NULL,33,86,3,5,NULL,'2014-10-18 17:14:40','2014-10-18 19:02:20',NULL,NULL,0),(337,NULL,'2012-07-19',14.615284430169776,100.47733892680077,NULL,NULL,19,84,7,8,NULL,'2014-10-18 17:14:40','2014-10-18 19:02:20',NULL,NULL,0),(339,NULL,'2010-02-16',14.179485398041285,100.54117807230696,NULL,NULL,36,82,5,1,NULL,'2014-10-18 17:14:40','2014-10-18 19:02:20',NULL,NULL,0),(340,NULL,'2010-05-02',14.955331854364292,100.80118149432306,NULL,NULL,8,83,12,8,NULL,'2014-10-18 17:14:40','2014-10-18 19:02:20',NULL,NULL,0),(341,NULL,'2011-02-01',14.953031357012534,100.48501511545204,NULL,NULL,44,93,5,3,NULL,'2014-10-18 17:14:40','2014-10-18 19:02:20',NULL,NULL,0),(342,NULL,'2012-03-15',14.44911912417129,100.9656227624094,NULL,NULL,20,87,2,5,NULL,'2014-10-18 17:14:40','2014-10-18 19:02:20',NULL,NULL,0),(343,NULL,'2010-10-01',14.663070688567492,100.69267035889865,NULL,NULL,24,87,7,2,NULL,'2014-10-18 17:14:40','2014-10-18 19:02:20',NULL,NULL,0),(344,NULL,'2013-01-01',14.123010289198396,100.79590272484293,NULL,NULL,10,32,13,5,NULL,'2014-10-18 17:14:40','2014-10-18 19:02:20',NULL,NULL,0),(346,NULL,'2012-05-21',14.508581078680235,100.11081546958388,NULL,NULL,36,86,11,7,NULL,'2014-10-18 17:14:40','2014-10-18 19:02:20',NULL,NULL,0),(347,NULL,'2011-09-06',14.040314764082556,100.43561208913843,NULL,NULL,24,86,3,3,NULL,'2014-10-18 17:14:40','2014-10-18 19:02:20',NULL,NULL,0),(348,NULL,'2011-02-09',14.26706102653222,100.60615668116553,NULL,NULL,31,91,1,7,NULL,'2014-10-18 17:14:40','2014-10-18 19:02:20',NULL,NULL,0),(349,NULL,'2012-01-06',14.42896815606426,100.62871231142226,NULL,NULL,17,90,13,1,NULL,'2014-10-18 17:14:40','2014-10-18 19:02:20',NULL,NULL,0),(351,NULL,'2012-12-31',14.760285094899405,100.52798435540984,NULL,NULL,7,93,8,4,NULL,'2014-10-18 17:14:40','2014-10-18 19:02:20',NULL,NULL,0),(353,NULL,'2012-06-17',14.481172526993456,100.21761152758073,NULL,NULL,33,93,13,3,NULL,'2014-10-18 17:14:40','2014-10-18 19:02:20',NULL,NULL,0),(354,NULL,'2012-05-27',14.333288114485118,100.45770828834561,NULL,NULL,31,90,12,1,NULL,'2014-10-18 17:14:40','2014-10-18 19:02:20',NULL,NULL,0),(355,NULL,'2010-02-01',14.778494165053468,100.06623823121691,NULL,NULL,36,88,2,8,NULL,'2014-10-18 17:14:40','2014-10-18 19:02:20',NULL,NULL,0),(356,NULL,'2012-04-06',14.203618762696625,100.45651600176735,NULL,NULL,33,87,6,1,NULL,'2014-10-18 17:14:40','2014-10-18 19:02:20',NULL,NULL,0),(357,NULL,'2012-03-30',14.854537576987436,100.83189099354699,NULL,NULL,7,86,13,5,NULL,'2014-10-18 17:14:40','2014-10-18 19:02:20',NULL,NULL,0),(358,NULL,'2011-10-13',14.026773531272372,100.57533864843893,NULL,NULL,5,85,13,9,NULL,'2014-10-18 17:14:40','2014-10-18 19:02:20',NULL,NULL,0),(359,NULL,'2010-12-19',14.0677935758599,100.37730488485718,NULL,NULL,39,89,8,5,NULL,'2014-10-18 17:14:40','2014-10-18 19:02:20',NULL,NULL,0),(360,NULL,'2013-01-27',14.166244878375348,100.23442783787821,NULL,NULL,24,82,1,7,NULL,'2014-10-18 17:14:40','2014-10-18 19:02:20',NULL,NULL,0),(361,NULL,'2012-01-09',14.405299267172877,100.08328316460057,NULL,NULL,38,84,1,6,NULL,'2014-10-18 17:14:40','2014-10-18 19:02:20',NULL,NULL,0),(362,NULL,'2011-05-10',14.588349278218907,100.09337449789614,NULL,NULL,3,88,4,3,NULL,'2014-10-18 17:14:40','2014-10-18 19:02:20',NULL,NULL,0),(363,NULL,'2010-02-24',14.108941686866078,100.50155701165538,NULL,NULL,12,27,7,2,NULL,'2014-10-18 17:14:40','2014-10-18 19:02:20',NULL,NULL,0),(365,NULL,'2011-11-03',14.668143408252094,100.65594869346064,NULL,NULL,15,82,12,2,NULL,'2014-10-18 17:14:40','2014-10-18 19:02:20',NULL,NULL,0),(366,NULL,'2012-02-12',14.738667670995696,100.10484638007107,NULL,NULL,44,90,12,5,NULL,'2014-10-18 17:14:40','2014-10-18 19:02:20',NULL,NULL,0),(367,NULL,'2010-04-26',14.762405538081406,100.15234459821275,NULL,NULL,33,87,11,1,NULL,'2014-10-18 17:14:40','2014-10-18 19:02:20',NULL,NULL,0),(368,NULL,'2011-05-01',14.816802669689482,100.7599573492419,NULL,NULL,30,90,9,4,NULL,'2014-10-18 17:14:40','2014-10-18 19:02:20',NULL,NULL,0),(369,NULL,'2011-11-25',14.143499685693016,100.78273871315419,NULL,NULL,25,85,5,3,NULL,'2014-10-18 17:14:40','2014-10-18 19:02:20',NULL,NULL,0),(370,NULL,'2010-03-06',14.475236630048778,100.25671395675654,NULL,NULL,25,92,13,6,NULL,'2014-10-18 17:14:40','2014-10-18 19:02:20',NULL,NULL,0),(371,NULL,'2010-04-29',14.002274239870967,100.1994338308295,NULL,NULL,9,91,7,7,NULL,'2014-10-18 17:14:40','2014-10-18 19:02:20',NULL,NULL,0),(372,NULL,'2010-11-20',14.41244442197401,100.79966372557699,NULL,NULL,18,85,2,3,NULL,'2014-10-18 17:14:40','2014-10-18 19:02:20',NULL,NULL,0),(373,NULL,'2011-12-12',14.239423318529084,100.86966547123575,NULL,NULL,29,80,3,8,NULL,'2014-10-18 17:14:40','2014-10-18 19:02:20',NULL,NULL,0),(374,NULL,'2010-02-15',14.2728721930653,100.33651337857563,NULL,NULL,37,81,10,3,NULL,'2014-10-18 17:14:40','2014-10-18 19:02:20',NULL,NULL,0),(375,NULL,'2010-05-30',14.152512503756098,100.86574823220906,NULL,NULL,36,32,13,3,NULL,'2014-10-18 17:14:40','2014-10-18 19:02:20',NULL,NULL,0),(376,NULL,'2010-07-26',14.598191367926058,100.34966083154633,NULL,NULL,36,27,7,5,NULL,'2014-10-18 17:14:40','2014-10-18 19:02:20',NULL,NULL,0),(377,NULL,'2010-11-04',14.63362930922704,100.22421583469894,NULL,NULL,30,88,6,7,NULL,'2014-10-18 17:14:40','2014-10-18 19:02:20',NULL,NULL,0),(378,NULL,'2013-01-23',14.266319521000726,100.39412128567311,NULL,NULL,44,91,8,5,NULL,'2014-10-18 17:14:40','2014-10-18 19:02:20',NULL,NULL,0),(383,NULL,'2013-01-05',14.318984038190253,100.95927611950917,NULL,NULL,42,87,7,9,NULL,'2014-10-18 17:14:40','2014-10-18 19:02:20',NULL,NULL,0),(384,NULL,'2011-05-09',14.39271191155495,100.197271509572,NULL,NULL,40,84,12,9,NULL,'2014-10-18 17:14:40','2014-10-18 19:02:20',NULL,NULL,0),(387,NULL,'2012-08-30',14.152392208487475,100.42272601036727,NULL,NULL,23,85,13,3,NULL,'2014-10-18 17:14:40','2014-10-18 19:02:20',NULL,NULL,0),(390,NULL,'2011-03-24',14.374993238253541,100.10830190760902,NULL,NULL,24,91,2,6,NULL,'2014-10-18 17:14:40','2014-10-18 19:02:20',NULL,NULL,0),(391,NULL,'2011-01-25',14.62288682231628,100.95293287955316,NULL,NULL,19,82,6,2,NULL,'2014-10-18 17:14:40','2014-10-18 19:02:20',NULL,NULL,0),(406,NULL,'2011-09-05',14.659455790569098,100.30610426029355,NULL,NULL,20,80,9,9,NULL,'2014-10-18 17:14:40','2014-10-18 19:02:20',NULL,NULL,0),(407,NULL,'2010-03-03',14.379493407965285,100.64618358986885,NULL,NULL,12,27,12,4,NULL,'2014-10-18 17:14:40','2014-10-18 19:02:20',NULL,NULL,0),(412,NULL,'2011-01-23',14.284504508193486,100.46685768348341,NULL,NULL,8,32,12,6,NULL,'2014-10-18 17:14:40','2014-10-18 19:02:20',NULL,NULL,0),(416,NULL,'2010-04-16',14.81381998565951,100.50009832545561,NULL,NULL,22,82,2,8,NULL,'2014-10-18 17:14:40','2014-10-18 19:02:20',NULL,NULL,0),(423,NULL,'2012-10-31',14.065030743991281,100.30252154274878,NULL,NULL,24,82,2,9,NULL,'2014-10-18 17:14:40','2014-10-18 19:02:20',NULL,NULL,0),(426,NULL,'2011-05-12',14.250014483704298,100.82534439943444,NULL,NULL,25,88,14,2,NULL,'2014-10-18 17:14:40','2014-10-18 19:02:20',NULL,NULL,0),(430,NULL,'2011-12-29',14.53502586451509,100.60336795674772,NULL,NULL,36,80,7,6,NULL,'2014-10-18 17:14:40','2014-10-18 19:02:20',NULL,NULL,0),(444,NULL,'2011-05-26',14.01163351358647,100.63950165042593,NULL,NULL,5,88,10,8,NULL,'2014-10-18 17:14:40','2014-10-18 19:02:20',NULL,NULL,0),(448,NULL,'2011-12-29',14.297619836774167,100.40369514823504,NULL,NULL,13,88,10,8,NULL,'2014-10-18 17:14:40','2014-10-18 19:02:20',NULL,NULL,0),(453,NULL,'2010-12-09',14.889007679079398,100.73190463679957,NULL,NULL,37,27,5,1,NULL,'2014-10-18 17:14:40','2014-10-18 19:02:20',NULL,NULL,0),(470,NULL,'2010-04-29',14.044451339564159,100.72870950941007,NULL,NULL,33,91,5,2,NULL,'2014-10-18 17:14:40','2014-10-18 19:02:20',NULL,NULL,0),(477,NULL,'2013-01-31',14.168563459220874,100.61905923217579,NULL,NULL,3,92,12,3,NULL,'2014-10-18 17:14:40','2014-10-18 19:02:20',NULL,NULL,0),(480,NULL,'2010-08-07',14.382238961721809,100.56822152239185,NULL,NULL,11,85,13,6,NULL,'2014-10-18 17:14:40','2014-10-18 19:02:20',NULL,NULL,0),(487,NULL,'2012-04-06',14.822938210610033,100.38998814549359,NULL,NULL,5,84,5,5,NULL,'2014-10-18 17:14:40','2014-10-18 19:02:20',NULL,NULL,0),(492,NULL,'2010-12-02',14.681675260634817,100.2439571890951,NULL,NULL,37,91,1,1,NULL,'2014-10-18 17:14:40','2014-10-18 19:02:20',NULL,NULL,0),(513,NULL,'2010-03-09',14.622981256512237,100.80590624217896,NULL,NULL,26,89,9,9,NULL,'2014-10-18 17:14:40','2014-10-18 19:02:20',NULL,NULL,0),(514,NULL,'2012-11-04',14.220708746862558,100.9685112303156,NULL,NULL,18,80,2,6,NULL,'2014-10-18 17:14:40','2014-10-18 19:02:20',NULL,NULL,0),(517,NULL,'2011-11-11',14.398993503132072,100.62484910693185,NULL,NULL,16,90,7,3,NULL,'2014-10-18 17:14:40','2014-10-18 19:02:20',NULL,NULL,0),(528,NULL,'2012-12-10',14.428592503411274,100.90326879371379,NULL,NULL,3,84,4,8,NULL,'2014-10-18 17:14:40','2014-10-18 19:02:20',NULL,NULL,0),(553,NULL,'2010-04-11',14.273879906826336,100.51972432819684,NULL,NULL,20,93,4,7,NULL,'2014-10-18 17:14:40','2014-10-18 19:02:20',NULL,NULL,0),(564,NULL,'2012-10-30',14.623343732010886,100.165738468959,NULL,NULL,25,82,7,3,NULL,'2014-10-18 17:14:40','2014-10-18 19:02:20',NULL,NULL,0),(565,NULL,'2012-12-22',14.51311888909746,100.89595343250004,NULL,NULL,13,91,6,5,NULL,'2014-10-18 17:14:40','2014-10-18 19:02:20',NULL,NULL,0),(569,NULL,'2013-01-09',14.313709031731614,100.76730754758297,NULL,NULL,41,86,6,6,NULL,'2014-10-18 17:14:40','2014-10-18 19:02:20',NULL,NULL,0),(573,NULL,'2012-07-16',14.481851733735168,100.74906231177319,NULL,NULL,5,92,10,3,NULL,'2014-10-18 17:14:40','2014-10-18 19:02:20',NULL,NULL,0),(575,NULL,'2011-01-22',14.306985515498479,100.57468340002285,NULL,NULL,31,84,5,5,NULL,'2014-10-18 17:14:40','2014-10-18 19:02:20',NULL,NULL,0),(577,NULL,'2011-09-04',14.538610706509044,100.93769334572588,NULL,NULL,37,90,13,2,NULL,'2014-10-18 17:14:40','2014-10-18 19:02:20',NULL,NULL,0),(582,NULL,'2012-09-04',14.77743583889622,100.72269177216697,NULL,NULL,40,80,5,9,NULL,'2014-10-18 17:14:40','2014-10-18 19:02:20',NULL,NULL,0),(584,NULL,'2011-09-26',14.74388570934736,100.84554961679234,NULL,NULL,32,27,6,9,NULL,'2014-10-18 17:14:40','2014-10-18 19:02:20',NULL,NULL,0),(585,NULL,'2011-09-03',14.065191558807083,100.75951595941434,NULL,NULL,9,91,2,4,NULL,'2014-10-18 17:14:40','2014-10-18 19:02:20',NULL,NULL,0),(586,NULL,'2010-11-26',14.316113803198261,100.42109187593877,NULL,NULL,5,81,8,4,NULL,'2014-10-18 17:14:40','2014-10-18 19:02:20',NULL,NULL,0),(589,NULL,'2010-05-18',14.643571309326216,100.37564343150338,NULL,NULL,11,83,10,2,NULL,'2014-10-18 17:14:40','2014-10-18 19:02:20',NULL,NULL,0),(595,NULL,'2011-02-19',14.425595846852024,100.61090625323949,NULL,NULL,40,82,1,1,NULL,'2014-10-18 17:14:40','2014-10-18 19:02:20',NULL,NULL,0),(601,NULL,'2012-12-28',14.965844331548745,100.2336521124665,NULL,NULL,40,27,14,2,NULL,'2014-10-18 17:14:40','2014-10-18 19:02:20',NULL,NULL,0),(611,NULL,'2011-10-24',14.431421552735593,100.63333351580937,NULL,NULL,41,93,1,5,NULL,'2014-10-18 17:14:40','2014-10-18 19:02:20',NULL,NULL,0),(619,NULL,'2010-08-02',14.167254108309088,100.42550253500315,NULL,NULL,31,85,2,4,NULL,'2014-10-18 17:14:40','2014-10-18 19:02:20',NULL,NULL,0),(622,NULL,'2010-09-02',14.580001330457302,100.88031075607715,NULL,NULL,10,93,12,1,NULL,'2014-10-18 17:14:40','2014-10-18 19:02:20',NULL,NULL,0),(624,NULL,'2011-08-04',14.655614622864594,100.72507562424798,NULL,NULL,8,92,3,2,NULL,'2014-10-18 17:14:40','2014-10-18 19:02:20',NULL,NULL,0),(626,NULL,'2010-07-08',14.13890240124466,100.5599207156471,NULL,NULL,32,84,12,8,NULL,'2014-10-18 17:14:40','2014-10-18 19:02:20',NULL,NULL,0),(634,NULL,'2013-01-25',14.056283169659887,100.91628431420638,NULL,NULL,6,90,13,8,NULL,'2014-10-18 17:14:40','2014-10-18 19:02:20',NULL,NULL,0),(639,NULL,'2011-11-07',14.468147861172428,100.06496527250358,NULL,NULL,33,81,7,9,NULL,'2014-10-18 17:14:40','2014-10-18 19:02:20',NULL,NULL,0),(640,NULL,'2010-12-17',14.876013542118743,100.4137219960961,NULL,NULL,42,83,6,3,NULL,'2014-10-18 17:14:40','2014-10-18 19:02:20',NULL,NULL,0),(664,NULL,'2010-08-30',14.469000321334944,100.31051994262575,NULL,NULL,3,88,2,5,NULL,'2014-10-18 17:14:40','2014-10-18 19:02:20',NULL,NULL,0),(667,NULL,'2011-09-18',14.304084346372958,100.84854348177306,NULL,NULL,30,32,2,9,NULL,'2014-10-18 17:14:40','2014-10-18 19:02:20',NULL,NULL,0),(671,NULL,'2012-07-24',14.736191208464387,100.7190643882115,NULL,NULL,12,89,5,1,NULL,'2014-10-18 17:14:40','2014-10-18 19:02:20',NULL,NULL,0),(672,NULL,'2010-03-28',14.877777569437939,100.52666615816445,NULL,NULL,5,87,7,7,NULL,'2014-10-18 17:14:40','2014-10-18 19:02:20',NULL,NULL,0),(684,NULL,'2012-01-17',14.874788451646975,100.21553950957187,NULL,NULL,6,82,10,3,NULL,'2014-10-18 17:14:40','2014-10-18 19:02:20',NULL,NULL,0),(688,NULL,'2012-06-28',14.317396950282456,100.88552646964843,NULL,NULL,9,89,11,5,NULL,'2014-10-18 17:14:40','2014-10-18 19:02:20',NULL,NULL,0),(692,NULL,'2012-06-07',14.38004725066404,100.67272368951996,NULL,NULL,8,81,6,6,NULL,'2014-10-18 17:14:40','2014-10-18 19:02:20',NULL,NULL,0),(697,NULL,'2011-04-14',14.69869663317016,100.37883653510998,NULL,NULL,10,32,11,5,NULL,'2014-10-18 17:14:40','2014-10-18 19:02:20',NULL,NULL,0),(702,NULL,'2010-05-04',14.330669680257362,100.55026797719206,NULL,NULL,19,92,14,7,NULL,'2014-10-18 17:14:40','2014-10-18 19:02:20',NULL,NULL,0),(703,NULL,'2012-08-07',14.159426124804058,100.0971554458174,NULL,NULL,14,88,11,8,NULL,'2014-10-18 17:14:40','2014-10-18 19:02:20',NULL,NULL,0),(705,NULL,'2012-03-17',14.554608252439417,100.38510854585674,NULL,NULL,4,90,5,8,NULL,'2014-10-18 17:14:40','2014-10-18 19:02:20',NULL,NULL,0),(709,NULL,'2011-07-14',14.21801795443841,100.06438030332869,NULL,NULL,37,80,10,1,NULL,'2014-10-18 17:14:40','2014-10-18 19:02:20',NULL,NULL,0),(715,NULL,'2011-08-06',14.057220737469653,100.12911918759825,NULL,NULL,4,84,4,9,NULL,'2014-10-18 17:14:40','2014-10-18 19:02:20',NULL,NULL,0),(719,NULL,'2010-04-17',14.453586774705608,100.37739940413776,NULL,NULL,6,86,10,2,NULL,'2014-10-18 17:14:40','2014-10-18 19:02:20',NULL,NULL,0),(720,NULL,'2011-08-20',14.453478216761496,100.66039287074852,NULL,NULL,36,93,11,6,NULL,'2014-10-18 17:14:40','2014-10-18 19:02:20',NULL,NULL,0),(729,NULL,'2011-10-21',14.916258533130797,100.78304348368856,NULL,NULL,25,89,8,3,NULL,'2014-10-18 17:14:40','2014-10-18 19:02:20',NULL,NULL,0),(739,NULL,'2010-08-25',14.97473860754357,100.1371623076156,NULL,NULL,42,82,8,2,NULL,'2014-10-18 17:14:40','2014-10-18 19:02:20',NULL,NULL,0),(760,NULL,'2010-10-19',14.79029284525574,100.38180444784305,NULL,NULL,20,82,5,8,NULL,'2014-10-18 17:14:40','2014-10-18 19:02:20',NULL,NULL,0),(762,NULL,'2012-01-23',14.018776890545478,100.05842003096015,NULL,NULL,20,83,12,1,NULL,'2014-10-18 17:14:40','2014-10-18 19:02:20',NULL,NULL,0),(764,NULL,'2012-10-16',14.821769801950621,100.5192322944133,NULL,NULL,36,82,1,5,NULL,'2014-10-18 17:14:40','2014-10-18 19:02:20',NULL,NULL,0),(767,NULL,'2011-10-12',14.93348827316911,100.43469535549218,NULL,NULL,22,32,8,4,NULL,'2014-10-18 17:14:40','2014-10-18 19:02:20',NULL,NULL,0),(769,NULL,'2011-08-16',14.111328986163189,100.2880602566682,NULL,NULL,15,87,14,7,NULL,'2014-10-18 17:14:40','2014-10-18 19:02:20',NULL,NULL,0),(776,NULL,'2010-03-10',14.273814281503657,100.22688848763234,NULL,NULL,30,85,9,9,NULL,'2014-10-18 17:14:40','2014-10-18 19:02:20',NULL,NULL,0),(778,NULL,'2012-03-19',14.57928954318264,100.7042457423477,NULL,NULL,39,90,3,7,NULL,'2014-10-18 17:14:40','2014-10-18 19:02:20',NULL,NULL,0),(799,NULL,'2012-04-15',14.42858073050888,100.25506952506727,NULL,NULL,19,83,7,1,NULL,'2014-10-18 17:14:40','2014-10-18 19:02:20',NULL,NULL,0),(800,NULL,'2010-03-25',14.8002376987821,100.84096356942307,NULL,NULL,9,85,7,4,NULL,'2014-10-18 17:14:40','2014-10-18 19:02:20',NULL,NULL,0),(803,NULL,'2012-06-06',14.712469763894317,100.33757009248006,NULL,NULL,13,83,8,4,NULL,'2014-10-18 17:14:40','2014-10-18 19:02:20',NULL,NULL,0),(804,NULL,'2011-12-10',14.766330224703886,100.86555768407761,NULL,NULL,10,90,1,7,NULL,'2014-10-18 17:14:40','2014-10-18 19:02:20',NULL,NULL,0),(807,NULL,'2012-10-27',14.58905567170162,100.78255051504229,NULL,NULL,44,91,3,7,NULL,'2014-10-18 17:14:40','2014-10-18 19:02:20',NULL,NULL,0),(812,NULL,'2010-07-07',14.387113382846524,100.02807693247549,NULL,NULL,17,85,6,9,NULL,'2014-10-18 17:14:40','2014-10-18 19:02:20',NULL,NULL,0),(815,NULL,'2010-10-17',14.011245832208688,100.78707061669051,NULL,NULL,30,32,8,5,NULL,'2014-10-18 17:14:40','2014-10-18 19:02:20',NULL,NULL,0),(821,NULL,'2012-11-25',14.693435417502682,100.05758488903945,NULL,NULL,6,88,9,4,NULL,'2014-10-18 17:14:40','2014-10-18 19:02:20',NULL,NULL,0),(831,NULL,'2012-02-03',14.224494768002172,100.17953145974226,NULL,NULL,36,84,11,9,NULL,'2014-10-18 17:14:40','2014-10-18 19:02:20',NULL,NULL,0),(835,NULL,'2012-12-31',14.190457970746902,100.1408161708376,NULL,NULL,3,87,1,9,NULL,'2014-10-18 17:14:40','2014-10-18 19:02:20',NULL,NULL,0),(840,NULL,'2010-03-07',14.125740377981968,100.44701938230678,NULL,NULL,28,81,2,8,NULL,'2014-10-18 17:14:40','2014-10-18 19:02:20',NULL,NULL,0),(846,NULL,'2010-12-04',14.059450028772757,100.97346462193963,NULL,NULL,44,88,9,1,NULL,'2014-10-18 17:14:40','2014-10-18 19:02:20',NULL,NULL,0),(851,NULL,'2011-03-27',14.78780251558038,100.973955455346,NULL,NULL,14,80,8,3,NULL,'2014-10-18 17:14:40','2014-10-18 19:02:20',NULL,NULL,0),(853,NULL,'2011-11-12',14.34413063766566,100.82300213315308,NULL,NULL,17,80,13,1,NULL,'2014-10-18 17:14:40','2014-10-18 19:02:20',NULL,NULL,0),(870,NULL,'2011-01-22',14.538433874073093,100.82109623616094,NULL,NULL,18,85,2,3,NULL,'2014-10-18 17:14:40','2014-10-18 19:02:20',NULL,NULL,0),(872,NULL,'2010-09-05',14.104076102240652,100.18603834365355,NULL,NULL,28,87,4,5,NULL,'2014-10-18 17:14:40','2014-10-18 19:02:20',NULL,NULL,0),(873,NULL,'2010-10-08',14.60749593113894,100.63455062631992,NULL,NULL,26,92,4,1,NULL,'2014-10-18 17:14:40','2014-10-18 19:02:20',NULL,NULL,0),(875,NULL,'2012-09-30',14.097592786867319,100.10593355961133,NULL,NULL,17,92,9,8,NULL,'2014-10-18 17:14:40','2014-10-18 19:02:20',NULL,NULL,0),(876,NULL,'2011-12-19',14.317995264267495,100.8544578739393,NULL,NULL,30,91,12,8,NULL,'2014-10-18 17:14:40','2014-10-18 19:02:20',NULL,NULL,0),(883,NULL,'2010-07-13',14.088489730282467,100.29553618773197,NULL,NULL,37,27,11,3,NULL,'2014-10-18 17:14:40','2014-10-18 19:02:20',NULL,NULL,0),(888,NULL,'2011-04-09',14.286205948112324,100.58471461657086,NULL,NULL,25,87,13,3,NULL,'2014-10-18 17:14:40','2014-10-18 19:02:20',NULL,NULL,0),(898,NULL,'2010-11-08',14.798667350058006,100.44275824360484,NULL,NULL,23,88,6,8,NULL,'2014-10-18 17:14:40','2014-10-18 19:02:20',NULL,NULL,0),(902,NULL,'2010-04-24',14.602182459657987,100.3803984450083,NULL,NULL,37,32,11,6,NULL,'2014-10-18 17:14:40','2014-10-18 19:02:20',NULL,NULL,0),(903,NULL,'2010-12-30',14.57406618176762,100.71649577494308,NULL,NULL,33,83,4,4,NULL,'2014-10-18 17:14:40','2014-10-18 19:02:20',NULL,NULL,0),(917,NULL,'2011-07-01',14.312397208876643,100.30807645622207,NULL,NULL,30,82,13,9,NULL,'2014-10-18 17:14:40','2014-10-18 19:02:20',NULL,NULL,0),(919,NULL,'2010-09-24',14.633494209024594,100.01208081402508,NULL,NULL,8,85,14,7,NULL,'2014-10-18 17:14:40','2014-10-18 19:02:20',NULL,NULL,0),(920,NULL,'2011-11-09',14.853271395591523,100.32630639337067,NULL,NULL,3,32,13,7,NULL,'2014-10-18 17:14:40','2014-10-18 19:02:20',NULL,NULL,0),(926,NULL,'2012-06-01',14.301470071277251,100.22042893519362,NULL,NULL,32,80,8,7,NULL,'2014-10-18 17:14:40','2014-10-18 19:02:20',NULL,NULL,0),(949,NULL,'2012-09-08',14.609673823921861,100.14550972488175,NULL,NULL,14,88,13,7,NULL,'2014-10-18 17:14:40','2014-10-18 19:02:20',NULL,NULL,0),(950,NULL,'2011-05-04',14.453331944535359,100.68966707163354,NULL,NULL,15,80,9,2,NULL,'2014-10-18 17:14:40','2014-10-18 19:02:20',NULL,NULL,0),(963,NULL,'2012-12-17',14.643393003052548,100.34885111447231,NULL,NULL,20,87,7,6,NULL,'2014-10-18 17:14:40','2014-10-18 19:02:20',NULL,NULL,0),(967,NULL,'2012-07-22',14.452816738159587,100.84783317253579,NULL,NULL,16,89,7,8,NULL,'2014-10-18 17:14:40','2014-10-18 19:02:20',NULL,NULL,0),(972,NULL,'2012-12-15',14.329069430405504,100.0537369062302,NULL,NULL,27,82,12,9,NULL,'2014-10-18 17:14:40','2014-10-18 19:02:20',NULL,NULL,0),(976,NULL,'2011-04-12',14.675627663278735,100.07641190402643,NULL,NULL,30,89,7,3,NULL,'2014-10-18 17:14:40','2014-10-18 19:02:20',NULL,NULL,0),(981,NULL,'2012-09-27',14.707179063420362,100.60288609515317,NULL,NULL,5,84,4,6,NULL,'2014-10-18 17:14:40','2014-10-18 19:02:20',NULL,NULL,0),(985,NULL,'2010-03-11',14.311749225353099,100.24749900692893,NULL,NULL,31,84,5,6,NULL,'2014-10-18 17:14:40','2014-10-18 19:02:20',NULL,NULL,0),(993,NULL,'2010-03-22',14.389803865254065,100.79824454925853,NULL,NULL,7,93,6,1,NULL,'2014-10-18 17:14:40','2014-10-18 19:02:20',NULL,NULL,0),(994,NULL,NULL,NULL,NULL,'',NULL,NULL,NULL,NULL,NULL,NULL,'2014-11-12 05:33:53','2014-11-12 05:33:53',8,NULL,NULL),(995,NULL,NULL,NULL,NULL,'',NULL,NULL,NULL,NULL,NULL,NULL,'2014-11-12 05:40:03','2014-11-12 05:40:03',8,NULL,NULL);

UNLOCK TABLES;

/*Table structure for table `image` */

DROP TABLE IF EXISTS `image`;

CREATE TABLE `image` (
  `pk` bigint(20) NOT NULL AUTO_INCREMENT,
  `crime_pk` bigint(20) DEFAULT NULL,
  PRIMARY KEY (`pk`),
  KEY `fk_CRIME_IMAGE_CRIME1_idx` (`crime_pk`),
  CONSTRAINT `fk_CRIME_IMAGE_CRIME1` FOREIGN KEY (`crime_pk`) REFERENCES `crime` (`pk`) ON DELETE SET NULL ON UPDATE NO ACTION
) ENGINE=InnoDB AUTO_INCREMENT=4 DEFAULT CHARSET=utf8;

/*Data for the table `image` */

LOCK TABLES `image` WRITE;

insert  into `image`(`pk`,`crime_pk`) values (1,NULL),(2,NULL),(3,NULL);

UNLOCK TABLES;

/*Table structure for table `person` */

DROP TABLE IF EXISTS `person`;

CREATE TABLE `person` (
  `pk` bigint(20) NOT NULL AUTO_INCREMENT,
  `TITLE_pk` bigint(20) DEFAULT NULL,
  `person_name` varchar(31) DEFAULT NULL,
  `person_lasname` varchar(31) DEFAULT NULL,
  `person_phone` varchar(15) DEFAULT NULL,
  PRIMARY KEY (`pk`),
  KEY `fk_PERSON_TITLE1_idx` (`TITLE_pk`),
  CONSTRAINT `fk_PERSON_TITLE1` FOREIGN KEY (`TITLE_pk`) REFERENCES `title_name` (`pk`) ON DELETE NO ACTION ON UPDATE NO ACTION
) ENGINE=InnoDB DEFAULT CHARSET=utf8;

/*Data for the table `person` */

LOCK TABLES `person` WRITE;

UNLOCK TABLES;

/*Table structure for table `place` */

DROP TABLE IF EXISTS `place`;

CREATE TABLE `place` (
  `pk` bigint(20) NOT NULL AUTO_INCREMENT,
  `name` varchar(50) DEFAULT NULL,
  PRIMARY KEY (`pk`)
) ENGINE=InnoDB AUTO_INCREMENT=15 DEFAULT CHARSET=utf8;

/*Data for the table `place` */

LOCK TABLES `place` WRITE;

insert  into `place`(`pk`,`name`) values (1,'หอพัก'),(2,'บ้านจัดสรร'),(3,'เคหะสถาน'),(4,'สถานบริการ'),(5,'บ้านส่วนตัว'),(6,'บ้านเช่า'),(7,'โรงงาน'),(8,'สถานที่สาธารณะ'),(9,'สถานที่ราชการ'),(10,'ซอย'),(11,'ถนนเลียบคลองห้า'),(12,'ถนนเลียบคลองหก'),(13,'ถนนเลียบคลองเจ็ด'),(14,'อื่นๆ');

UNLOCK TABLES;

/*Table structure for table `time` */

DROP TABLE IF EXISTS `time`;

CREATE TABLE `time` (
  `pk` int(11) NOT NULL AUTO_INCREMENT,
  `time_length` varchar(45) DEFAULT NULL,
  PRIMARY KEY (`pk`)
) ENGINE=InnoDB AUTO_INCREMENT=10 DEFAULT CHARSET=utf8;

/*Data for the table `time` */

LOCK TABLES `time` WRITE;

insert  into `time`(`pk`,`time_length`) values (1,'0.00 น.  -  2.59 น.'),(2,'3.00 น.  -  5.59 น.'),(3,'6.00 น.  -  8.59 น.'),(4,'9.00 น.  -  11.59 น.'),(5,'12.00 น.  -  14.59 น.'),(6,'14.59 น.  -  17.59 น.'),(7,'18.00 น.  -  20.59 น.'),(8,'21.00 น.  -  23.59 น.'),(9,'ไม่ทราบเวลาแน่ชัด');

UNLOCK TABLES;

/*Table structure for table `title_name` */

DROP TABLE IF EXISTS `title_name`;

CREATE TABLE `title_name` (
  `pk` bigint(20) NOT NULL AUTO_INCREMENT,
  `title_name` varchar(45) DEFAULT NULL COMMENT 'คำนำหน้าชื่อ',
  PRIMARY KEY (`pk`)
) ENGINE=InnoDB AUTO_INCREMENT=6 DEFAULT CHARSET=utf8;

/*Data for the table `title_name` */

LOCK TABLES `title_name` WRITE;

insert  into `title_name`(`pk`,`title_name`) values (2,'นาย'),(3,'นาง'),(4,'นางสาว'),(5,'ด.ช.');

UNLOCK TABLES;

/*Table structure for table `type` */

DROP TABLE IF EXISTS `type`;

CREATE TABLE `type` (
  `pk` bigint(20) NOT NULL AUTO_INCREMENT,
  `name` varchar(50) DEFAULT NULL,
  `level` tinyint(4) NOT NULL DEFAULT '1' COMMENT '0 = guest',
  PRIMARY KEY (`pk`)
) ENGINE=InnoDB AUTO_INCREMENT=94 DEFAULT CHARSET=utf8;

/*Data for the table `type` */

LOCK TABLES `type` WRITE;

insert  into `type`(`pk`,`name`,`level`) values (27,'การพนัน',1),(32,'การพนันสลากกินรวม',1),(80,'ข่มขืนกระทำชำเรา',0),(81,'ฆ่าผู้อื่นโดยเจตนา',1),(82,'จำหน่ายสุราโดยไม่ได้รับอนุญาติ',1),(83,'โจรกรรมรถจักรยานยนต์',1),(84,'โจรกรรมรถยนต์',0),(85,'ฉ้อโกง',0),(86,'ชิงทรัพย์',1),(87,'ทำร้ายร่างกาย',1),(88,'ทำให้เสียทรัพย์',1),(89,'บรรทุกน้ำหนักเกิน',0),(90,'พยายามฆ่า',1),(91,'ยักยอก',1),(92,'ยาเสพติด',1),(93,'ลักทรัพย์',0);

UNLOCK TABLES;

/*Table structure for table `user` */

DROP TABLE IF EXISTS `user`;

CREATE TABLE `user` (
  `pk` bigint(20) NOT NULL AUTO_INCREMENT,
  `title_name_pk` bigint(20) DEFAULT NULL,
  `name` varchar(31) DEFAULT NULL,
  `last_name` varchar(31) DEFAULT NULL,
  `e_mail` varchar(63) DEFAULT NULL,
  `user_name` varchar(31) DEFAULT NULL,
  `password` varchar(31) DEFAULT NULL,
  `status` tinyint(1) DEFAULT '1',
  `level` tinyint(4) NOT NULL DEFAULT '1' COMMENT '1 = user',
  PRIMARY KEY (`pk`),
  UNIQUE KEY `user_name_UNIQUE` (`user_name`),
  UNIQUE KEY `e_mail_UNIQUE` (`e_mail`),
  KEY `fk_USER_TITLE1_idx` (`title_name_pk`),
  CONSTRAINT `fk_USER_TITLE1` FOREIGN KEY (`title_name_pk`) REFERENCES `title_name` (`pk`) ON DELETE NO ACTION ON UPDATE NO ACTION
) ENGINE=InnoDB AUTO_INCREMENT=19 DEFAULT CHARSET=utf8;

/*Data for the table `user` */

LOCK TABLES `user` WRITE;

insert  into `user`(`pk`,`title_name_pk`,`name`,`last_name`,`e_mail`,`user_name`,`password`,`status`,`level`) values (1,2,'ณัฐพล','สุริยาอมรชัย','nattapon_za_@hotmail.com','admin','admin',1,2),(8,5,'ก','ข','','user','user',1,1),(18,2,'โบ้','แรม','m33671pr@gmail.com','admin&user','admin&user',1,3);

UNLOCK TABLES;

/* Procedure structure for procedure `find_all` */

/*!50003 DROP PROCEDURE IF EXISTS  `find_all` */;

DELIMITER $$

/*!50003 CREATE DEFINER=`root`@`localhost` PROCEDURE `find_all`(item varchar(20), user_seq BIGINT(20), n INT)
BEGIN
	CASE item
		WHEN "crime" THEN SELECT * FROM `crime`;
		WHEN "area" THEN SELECT * FROM `crime_area`;
		WHEN "image" THEN SELECT * FROM `crime_image`;
		WHEN "place" THEN SELECT * FROM `crime_place`;
		WHEN "type" THEN SELECT * FROM `crime_type`;
		WHEN "type_group" THEN SELECT * FROM `type_group`;
		WHEN "user" THEN SELECT * FROM `user`;
		WHEN "log" THEN SELECT * FROM `log`;
	END CASE;
END */$$
DELIMITER ;

/*!40101 SET SQL_MODE=@OLD_SQL_MODE */;
/*!40014 SET FOREIGN_KEY_CHECKS=@OLD_FOREIGN_KEY_CHECKS */;
/*!40014 SET UNIQUE_CHECKS=@OLD_UNIQUE_CHECKS */;
/*!40111 SET SQL_NOTES=@OLD_SQL_NOTES */;
